{
	"pages": [ //pages数组中第一项表示应用启动页，参考：https://uniapp.dcloud.io/collocation/pages
		{
		    "path" : "pages/login/login",
		    "style" : {
				"navigationBarTitleText":"",
				"navigationBarBackgroundColor":"#FFFFFF"
			}
		},{
			"path": "pages/index/index",
			"style": {
				"enablePullDownRefresh":true,
				"app-plus":{
					"titleNView":{
						"titleText":"直播",
						"titleAlign":"left",
						"buttons":[{
							"type":"menu"
						}]
					}
				}
			}
		}
	    ,{
            "path" : "pages/my/my",
            "style" : {
				"app-plus":{
					"titleNView":{
						"titleText":"个人中心",
						"titleAlign":"left",
						"buttons":[{
							"type":"menu"
						}]
					}
				}
			}
        }
        ,{
            "path" : "pages/live/live",
            "style" : {
				"app-plus":{
					"titleNView":false
				}
			}
        }
        ,{
            "path" : "pages/coin/coin",
            "style" : {
				"navigationBarTitleText":"我的余额",
				"navigationBarBackgroundColor":"#FFFFFF",
				"navigationBarTextStyle": "black"
			}
        }
        ,{
            "path" : "pages/create-live/create-live",
            "style" : {
				"app-plus":{
					"titleNView":false
				}
			}
        }
        ,{
            "path" : "pages/liveroom/liveroom",
            "style" : {
            	"app-plus":{
            		"titleNView":false,
					"subNVues":[{
						"id": "live-actions",
						"path": "pages/liveroom/subnvue/live-actions",
						"style": {
							"position": "absolute",
							"bottom": "0",
							"left": "0",
							"width": "100%",
							"height": "100%",
							"background": "transparent",
							"zindex":100
						}
					}]
            	}
            }
        }
        ,{
            "path" : "pages/user-set/user-set",
            "style" : {
                "navigationBarTitleText": "我的设置",
                "enablePullDownRefresh": false
            }
            
        }
    ],
	"globalStyle": {
		"navigationBarTextStyle": "white",
		"navigationBarTitleText": "帝莎直播",
		"navigationBarBackgroundColor": "#8745FF",
		"backgroundColor": "#8745FF"
	},
	"tabBar":{
		"color":"#707070",
		"selectedColor":"#8745FF",
		"backgroundColor":"#FFFFFF",
		"borderStyle":"black",
		// #ifndef MP
		"midButton":{
			"iconPath":"static/tabbar/min.png",
			"iconWidth":"60px",
			"height":"65px"
		},
		// #endif
		"list":[{
			"iconPath":"./static/tabbar/find.png",
			"selectedIconPath":"static/tabbar/find-selected.png",
			"pagePath":"pages/index/index",
			"text":"发现"
		},{
			"iconPath":"static/tabbar/my.png",
			"selectedIconPath":"static/tabbar/my-selected.png",
			"pagePath":"pages/my/my",
			"text":"我的"
		}]
	}
}
