[
  {
    "name": "Process Start",
    "start": 1625680510763,
    "end": 1625680511332,
    "duration": 569,
    "pid": 2311,
    "index": 0
  },
  {
    "name": "Application Start",
    "start": 1625680511333,
    "end": 1625680512234,
    "duration": 901,
    "pid": 2311,
    "index": 1
  },
  {
    "name": "Load Plugin",
    "start": 1625680511335,
    "end": 1625680511341,
    "duration": 6,
    "pid": 2311,
    "index": 2
  },
  {
    "name": "Load Config",
    "start": 1625680511341,
    "end": 1625680511362,
    "duration": 21,
    "pid": 2311,
    "index": 3
  },
  {
    "name": "Require(0) config/config.default.js",
    "start": 1625680511341,
    "end": 1625680511342,
    "duration": 1,
    "pid": 2311,
    "index": 4
  },
  {
    "name": "Require(1) node_modules/egg-session/config/config.default.js",
    "start": 1625680511343,
    "end": 1625680511344,
    "duration": 1,
    "pid": 2311,
    "index": 5
  },
  {
    "name": "Require(2) node_modules/egg-security/config/config.default.js",
    "start": 1625680511344,
    "end": 1625680511344,
    "duration": 0,
    "pid": 2311,
    "index": 6
  },
  {
    "name": "Require(3) node_modules/egg-jsonp/config/config.default.js",
    "start": 1625680511345,
    "end": 1625680511345,
    "duration": 0,
    "pid": 2311,
    "index": 7
  },
  {
    "name": "Require(4) node_modules/egg-onerror/config/config.default.js",
    "start": 1625680511345,
    "end": 1625680511345,
    "duration": 0,
    "pid": 2311,
    "index": 8
  },
  {
    "name": "Require(5) node_modules/egg-i18n/config/config.default.js",
    "start": 1625680511345,
    "end": 1625680511346,
    "duration": 1,
    "pid": 2311,
    "index": 9
  },
  {
    "name": "Require(6) node_modules/egg-watcher/config/config.default.js",
    "start": 1625680511346,
    "end": 1625680511346,
    "duration": 0,
    "pid": 2311,
    "index": 10
  },
  {
    "name": "Require(7) node_modules/egg-schedule/config/config.default.js",
    "start": 1625680511346,
    "end": 1625680511346,
    "duration": 0,
    "pid": 2311,
    "index": 11
  },
  {
    "name": "Require(8) node_modules/egg-multipart/config/config.default.js",
    "start": 1625680511347,
    "end": 1625680511347,
    "duration": 0,
    "pid": 2311,
    "index": 12
  },
  {
    "name": "Require(9) node_modules/egg-development/config/config.default.js",
    "start": 1625680511347,
    "end": 1625680511347,
    "duration": 0,
    "pid": 2311,
    "index": 13
  },
  {
    "name": "Require(10) node_modules/egg-logrotator/config/config.default.js",
    "start": 1625680511347,
    "end": 1625680511348,
    "duration": 1,
    "pid": 2311,
    "index": 14
  },
  {
    "name": "Require(11) node_modules/egg-static/config/config.default.js",
    "start": 1625680511348,
    "end": 1625680511348,
    "duration": 0,
    "pid": 2311,
    "index": 15
  },
  {
    "name": "Require(12) node_modules/egg-view/config/config.default.js",
    "start": 1625680511348,
    "end": 1625680511348,
    "duration": 0,
    "pid": 2311,
    "index": 16
  },
  {
    "name": "Require(13) node_modules/egg-cors/config/config.default.js",
    "start": 1625680511349,
    "end": 1625680511356,
    "duration": 7,
    "pid": 2311,
    "index": 17
  },
  {
    "name": "Require(14) node_modules/egg-sequelize/config/config.default.js",
    "start": 1625680511356,
    "end": 1625680511356,
    "duration": 0,
    "pid": 2311,
    "index": 18
  },
  {
    "name": "Require(15) node_modules/egg-view-nunjucks/config/config.default.js",
    "start": 1625680511356,
    "end": 1625680511356,
    "duration": 0,
    "pid": 2311,
    "index": 19
  },
  {
    "name": "Require(16) node_modules/egg-valparams/config/config.default.js",
    "start": 1625680511357,
    "end": 1625680511357,
    "duration": 0,
    "pid": 2311,
    "index": 20
  },
  {
    "name": "Require(17) node_modules/egg-jwt/config/config.default.js",
    "start": 1625680511357,
    "end": 1625680511357,
    "duration": 0,
    "pid": 2311,
    "index": 21
  },
  {
    "name": "Require(18) node_modules/egg-redis/config/config.default.js",
    "start": 1625680511357,
    "end": 1625680511358,
    "duration": 1,
    "pid": 2311,
    "index": 22
  },
  {
    "name": "Require(19) node_modules/egg-tenpay/config/config.default.js",
    "start": 1625680511358,
    "end": 1625680511358,
    "duration": 0,
    "pid": 2311,
    "index": 23
  },
  {
    "name": "Require(20) node_modules/egg-socket.io/config/config.default.js",
    "start": 1625680511358,
    "end": 1625680511358,
    "duration": 0,
    "pid": 2311,
    "index": 24
  },
  {
    "name": "Require(21) node_modules/egg/config/config.default.js",
    "start": 1625680511358,
    "end": 1625680511359,
    "duration": 1,
    "pid": 2311,
    "index": 25
  },
  {
    "name": "Require(22) config/config.default.js",
    "start": 1625680511360,
    "end": 1625680511360,
    "duration": 0,
    "pid": 2311,
    "index": 26
  },
  {
    "name": "Require(23) node_modules/egg-security/config/config.local.js",
    "start": 1625680511360,
    "end": 1625680511360,
    "duration": 0,
    "pid": 2311,
    "index": 27
  },
  {
    "name": "Require(24) node_modules/egg-watcher/config/config.local.js",
    "start": 1625680511361,
    "end": 1625680511361,
    "duration": 0,
    "pid": 2311,
    "index": 28
  },
  {
    "name": "Require(25) node_modules/egg-view/config/config.local.js",
    "start": 1625680511361,
    "end": 1625680511361,
    "duration": 0,
    "pid": 2311,
    "index": 29
  },
  {
    "name": "Require(26) node_modules/egg-view-nunjucks/config/config.local.js",
    "start": 1625680511361,
    "end": 1625680511361,
    "duration": 0,
    "pid": 2311,
    "index": 30
  },
  {
    "name": "Require(27) node_modules/egg/config/config.local.js",
    "start": 1625680511362,
    "end": 1625680511362,
    "duration": 0,
    "pid": 2311,
    "index": 31
  },
  {
    "name": "Load extend/application.js",
    "start": 1625680511363,
    "end": 1625680511411,
    "duration": 48,
    "pid": 2311,
    "index": 32
  },
  {
    "name": "Require(28) node_modules/egg-session/app/extend/application.js",
    "start": 1625680511363,
    "end": 1625680511363,
    "duration": 0,
    "pid": 2311,
    "index": 33
  },
  {
    "name": "Require(29) node_modules/egg-security/app/extend/application.js",
    "start": 1625680511363,
    "end": 1625680511364,
    "duration": 1,
    "pid": 2311,
    "index": 34
  },
  {
    "name": "Require(30) node_modules/egg-jsonp/app/extend/application.js",
    "start": 1625680511364,
    "end": 1625680511364,
    "duration": 0,
    "pid": 2311,
    "index": 35
  },
  {
    "name": "Require(31) node_modules/egg-logrotator/app/extend/application.js",
    "start": 1625680511365,
    "end": 1625680511365,
    "duration": 0,
    "pid": 2311,
    "index": 36
  },
  {
    "name": "Require(32) node_modules/egg-view/app/extend/application.js",
    "start": 1625680511365,
    "end": 1625680511366,
    "duration": 1,
    "pid": 2311,
    "index": 37
  },
  {
    "name": "Require(33) node_modules/egg-view-nunjucks/app/extend/application.js",
    "start": 1625680511366,
    "end": 1625680511379,
    "duration": 13,
    "pid": 2311,
    "index": 38
  },
  {
    "name": "Require(34) node_modules/egg-jwt/app/extend/application.js",
    "start": 1625680511379,
    "end": 1625680511398,
    "duration": 19,
    "pid": 2311,
    "index": 39
  },
  {
    "name": "Require(35) node_modules/egg-socket.io/app/extend/application.js",
    "start": 1625680511398,
    "end": 1625680511410,
    "duration": 12,
    "pid": 2311,
    "index": 40
  },
  {
    "name": "Require(36) app/extend/application.js",
    "start": 1625680511410,
    "end": 1625680511410,
    "duration": 0,
    "pid": 2311,
    "index": 41
  },
  {
    "name": "Load extend/request.js",
    "start": 1625680511411,
    "end": 1625680511412,
    "duration": 1,
    "pid": 2311,
    "index": 42
  },
  {
    "name": "Require(37) node_modules/egg/app/extend/request.js",
    "start": 1625680511411,
    "end": 1625680511412,
    "duration": 1,
    "pid": 2311,
    "index": 43
  },
  {
    "name": "Load extend/response.js",
    "start": 1625680511412,
    "end": 1625680511414,
    "duration": 2,
    "pid": 2311,
    "index": 44
  },
  {
    "name": "Require(38) node_modules/egg/app/extend/response.js",
    "start": 1625680511413,
    "end": 1625680511414,
    "duration": 1,
    "pid": 2311,
    "index": 45
  },
  {
    "name": "Load extend/context.js",
    "start": 1625680511414,
    "end": 1625680511499,
    "duration": 85,
    "pid": 2311,
    "index": 46
  },
  {
    "name": "Require(39) node_modules/egg-security/app/extend/context.js",
    "start": 1625680511414,
    "end": 1625680511418,
    "duration": 4,
    "pid": 2311,
    "index": 47
  },
  {
    "name": "Require(40) node_modules/egg-jsonp/app/extend/context.js",
    "start": 1625680511418,
    "end": 1625680511418,
    "duration": 0,
    "pid": 2311,
    "index": 48
  },
  {
    "name": "Require(41) node_modules/egg-i18n/app/extend/context.js",
    "start": 1625680511418,
    "end": 1625680511418,
    "duration": 0,
    "pid": 2311,
    "index": 49
  },
  {
    "name": "Require(42) node_modules/egg-multipart/app/extend/context.js",
    "start": 1625680511418,
    "end": 1625680511443,
    "duration": 25,
    "pid": 2311,
    "index": 50
  },
  {
    "name": "Require(43) node_modules/egg-view/app/extend/context.js",
    "start": 1625680511443,
    "end": 1625680511444,
    "duration": 1,
    "pid": 2311,
    "index": 51
  },
  {
    "name": "Require(44) node_modules/egg-valparams/app/extend/context.js",
    "start": 1625680511444,
    "end": 1625680511468,
    "duration": 24,
    "pid": 2311,
    "index": 52
  },
  {
    "name": "Require(45) node_modules/egg/app/extend/context.js",
    "start": 1625680511468,
    "end": 1625680511491,
    "duration": 23,
    "pid": 2311,
    "index": 53
  },
  {
    "name": "Require(46) app/extend/context.js",
    "start": 1625680511491,
    "end": 1625680511492,
    "duration": 1,
    "pid": 2311,
    "index": 54
  },
  {
    "name": "Load extend/helper.js",
    "start": 1625680511499,
    "end": 1625680511514,
    "duration": 15,
    "pid": 2311,
    "index": 55
  },
  {
    "name": "Require(47) node_modules/egg-security/app/extend/helper.js",
    "start": 1625680511499,
    "end": 1625680511512,
    "duration": 13,
    "pid": 2311,
    "index": 56
  },
  {
    "name": "Require(48) node_modules/egg/app/extend/helper.js",
    "start": 1625680511513,
    "end": 1625680511513,
    "duration": 0,
    "pid": 2311,
    "index": 57
  },
  {
    "name": "Require(49) app/extend/helper.js",
    "start": 1625680511513,
    "end": 1625680511514,
    "duration": 1,
    "pid": 2311,
    "index": 58
  },
  {
    "name": "Load app.js",
    "start": 1625680511514,
    "end": 1625680511873,
    "duration": 359,
    "pid": 2311,
    "index": 59
  },
  {
    "name": "Require(50) node_modules/egg-session/app.js",
    "start": 1625680511514,
    "end": 1625680511515,
    "duration": 1,
    "pid": 2311,
    "index": 60
  },
  {
    "name": "Require(51) node_modules/egg-security/app.js",
    "start": 1625680511515,
    "end": 1625680511515,
    "duration": 0,
    "pid": 2311,
    "index": 61
  },
  {
    "name": "Require(52) node_modules/egg-onerror/app.js",
    "start": 1625680511516,
    "end": 1625680511521,
    "duration": 5,
    "pid": 2311,
    "index": 62
  },
  {
    "name": "Require(53) node_modules/egg-i18n/app.js",
    "start": 1625680511521,
    "end": 1625680511527,
    "duration": 6,
    "pid": 2311,
    "index": 63
  },
  {
    "name": "Require(54) node_modules/egg-watcher/app.js",
    "start": 1625680511527,
    "end": 1625680511528,
    "duration": 1,
    "pid": 2311,
    "index": 64
  },
  {
    "name": "Require(55) node_modules/egg-schedule/app.js",
    "start": 1625680511528,
    "end": 1625680511529,
    "duration": 1,
    "pid": 2311,
    "index": 65
  },
  {
    "name": "Require(56) node_modules/egg-multipart/app.js",
    "start": 1625680511529,
    "end": 1625680511529,
    "duration": 0,
    "pid": 2311,
    "index": 66
  },
  {
    "name": "Require(57) node_modules/egg-development/app.js",
    "start": 1625680511529,
    "end": 1625680511529,
    "duration": 0,
    "pid": 2311,
    "index": 67
  },
  {
    "name": "Require(58) node_modules/egg-logrotator/app.js",
    "start": 1625680511529,
    "end": 1625680511529,
    "duration": 0,
    "pid": 2311,
    "index": 68
  },
  {
    "name": "Require(59) node_modules/egg-static/app.js",
    "start": 1625680511530,
    "end": 1625680511530,
    "duration": 0,
    "pid": 2311,
    "index": 69
  },
  {
    "name": "Require(60) node_modules/egg-cors/app.js",
    "start": 1625680511530,
    "end": 1625680511530,
    "duration": 0,
    "pid": 2311,
    "index": 70
  },
  {
    "name": "Require(61) node_modules/egg-sequelize/app.js",
    "start": 1625680511530,
    "end": 1625680511530,
    "duration": 0,
    "pid": 2311,
    "index": 71
  },
  {
    "name": "Require(62) node_modules/egg-view-nunjucks/app.js",
    "start": 1625680511530,
    "end": 1625680511530,
    "duration": 0,
    "pid": 2311,
    "index": 72
  },
  {
    "name": "Require(63) node_modules/egg-valparams/app.js",
    "start": 1625680511530,
    "end": 1625680511753,
    "duration": 223,
    "pid": 2311,
    "index": 73
  },
  {
    "name": "Require(64) node_modules/egg-jwt/app.js",
    "start": 1625680511753,
    "end": 1625680511754,
    "duration": 1,
    "pid": 2311,
    "index": 74
  },
  {
    "name": "Require(65) node_modules/egg-redis/app.js",
    "start": 1625680511754,
    "end": 1625680511754,
    "duration": 0,
    "pid": 2311,
    "index": 75
  },
  {
    "name": "Require(66) node_modules/egg-tenpay/app.js",
    "start": 1625680511754,
    "end": 1625680511772,
    "duration": 18,
    "pid": 2311,
    "index": 76
  },
  {
    "name": "Require(67) node_modules/egg-socket.io/app.js",
    "start": 1625680511772,
    "end": 1625680511801,
    "duration": 29,
    "pid": 2311,
    "index": 77
  },
  {
    "name": "Require(68) app.js",
    "start": 1625680511802,
    "end": 1625680511873,
    "duration": 71,
    "pid": 2311,
    "index": 78
  },
  {
    "name": "Before Start in node_modules/egg-watcher/lib/init.js:15:14",
    "start": 1625680511881,
    "end": 1625680512210,
    "duration": 329,
    "pid": 2311,
    "index": 79
  },
  {
    "name": "Load \"Symbol(model)\" to Application",
    "start": 1625680511950,
    "end": 1625680511966,
    "duration": 16,
    "pid": 2311,
    "index": 80
  },
  {
    "name": "Before Start in node_modules/egg-sequelize/lib/loader.js:39:7",
    "start": 1625680511970,
    "end": 1625680512234,
    "duration": 264,
    "pid": 2311,
    "index": 81
  },
  {
    "name": "Before Start in node_modules/egg-redis/lib/redis.js:53:7",
    "start": 1625680511998,
    "end": 1625680512194,
    "duration": 196,
    "pid": 2311,
    "index": 82
  },
  {
    "name": "Load Controller",
    "start": 1625680512004,
    "end": 1625680512069,
    "duration": 65,
    "pid": 2311,
    "index": 83
  },
  {
    "name": "Load \"controller\" to Application",
    "start": 1625680512004,
    "end": 1625680512069,
    "duration": 65,
    "pid": 2311,
    "index": 84
  },
  {
    "name": "Before Start in node_modules/egg-socket.io/lib/io.js:26:7",
    "start": 1625680512010,
    "end": 1625680512117,
    "duration": 107,
    "pid": 2311,
    "index": 85
  },
  {
    "name": "Did Load in node_modules/egg-tenpay/app.js:didLoad",
    "start": 1625680512012,
    "end": 1625680512117,
    "duration": 105,
    "pid": 2311,
    "index": 86
  },
  {
    "name": "Did Load in app.js:didLoad",
    "start": 1625680512013,
    "end": 1625680512117,
    "duration": 104,
    "pid": 2311,
    "index": 87
  },
  {
    "name": "Load Service",
    "start": 1625680512013,
    "end": 1625680512017,
    "duration": 4,
    "pid": 2311,
    "index": 88
  },
  {
    "name": "Load \"service\" to Context",
    "start": 1625680512013,
    "end": 1625680512017,
    "duration": 4,
    "pid": 2311,
    "index": 89
  },
  {
    "name": "Load Middleware",
    "start": 1625680512017,
    "end": 1625680512069,
    "duration": 52,
    "pid": 2311,
    "index": 90
  },
  {
    "name": "Load \"middlewares\" to Application",
    "start": 1625680512017,
    "end": 1625680512062,
    "duration": 45,
    "pid": 2311,
    "index": 91
  },
  {
    "name": "Load Controller",
    "start": 1625680512069,
    "end": 1625680512077,
    "duration": 8,
    "pid": 2311,
    "index": 92
  },
  {
    "name": "Load \"controller\" to Application",
    "start": 1625680512069,
    "end": 1625680512077,
    "duration": 8,
    "pid": 2311,
    "index": 93
  },
  {
    "name": "Load Router",
    "start": 1625680512077,
    "end": 1625680512079,
    "duration": 2,
    "pid": 2311,
    "index": 94
  },
  {
    "name": "Require(69) app/router.js",
    "start": 1625680512077,
    "end": 1625680512077,
    "duration": 0,
    "pid": 2311,
    "index": 95
  },
  {
    "name": "Before Start in node_modules/egg-core/lib/egg.js:303:10",
    "start": 1625680512077,
    "end": 1625680512117,
    "duration": 40,
    "pid": 2311,
    "index": 96
  },
  {
    "name": "Will Ready in app.js:willReady",
    "start": 1625680512234,
    "end": 1625680512234,
    "duration": 0,
    "pid": 2311,
    "index": 97
  }
]