[
  {
    "name": "Process Start",
    "start": 1625680694733,
    "end": 1625680695273,
    "duration": 540,
    "pid": 2517,
    "index": 0
  },
  {
    "name": "Application Start",
    "start": 1625680695273,
    "end": 1625680696179,
    "duration": 906,
    "pid": 2517,
    "index": 1
  },
  {
    "name": "Load Plugin",
    "start": 1625680695285,
    "end": 1625680695292,
    "duration": 7,
    "pid": 2517,
    "index": 2
  },
  {
    "name": "Load Config",
    "start": 1625680695292,
    "end": 1625680695313,
    "duration": 21,
    "pid": 2517,
    "index": 3
  },
  {
    "name": "Require(0) config/config.default.js",
    "start": 1625680695292,
    "end": 1625680695292,
    "duration": 0,
    "pid": 2517,
    "index": 4
  },
  {
    "name": "Require(1) node_modules/egg-session/config/config.default.js",
    "start": 1625680695294,
    "end": 1625680695294,
    "duration": 0,
    "pid": 2517,
    "index": 5
  },
  {
    "name": "Require(2) node_modules/egg-security/config/config.default.js",
    "start": 1625680695294,
    "end": 1625680695295,
    "duration": 1,
    "pid": 2517,
    "index": 6
  },
  {
    "name": "Require(3) node_modules/egg-jsonp/config/config.default.js",
    "start": 1625680695295,
    "end": 1625680695295,
    "duration": 0,
    "pid": 2517,
    "index": 7
  },
  {
    "name": "Require(4) node_modules/egg-onerror/config/config.default.js",
    "start": 1625680695296,
    "end": 1625680695296,
    "duration": 0,
    "pid": 2517,
    "index": 8
  },
  {
    "name": "Require(5) node_modules/egg-i18n/config/config.default.js",
    "start": 1625680695296,
    "end": 1625680695296,
    "duration": 0,
    "pid": 2517,
    "index": 9
  },
  {
    "name": "Require(6) node_modules/egg-watcher/config/config.default.js",
    "start": 1625680695296,
    "end": 1625680695297,
    "duration": 1,
    "pid": 2517,
    "index": 10
  },
  {
    "name": "Require(7) node_modules/egg-schedule/config/config.default.js",
    "start": 1625680695297,
    "end": 1625680695297,
    "duration": 0,
    "pid": 2517,
    "index": 11
  },
  {
    "name": "Require(8) node_modules/egg-multipart/config/config.default.js",
    "start": 1625680695297,
    "end": 1625680695297,
    "duration": 0,
    "pid": 2517,
    "index": 12
  },
  {
    "name": "Require(9) node_modules/egg-development/config/config.default.js",
    "start": 1625680695298,
    "end": 1625680695298,
    "duration": 0,
    "pid": 2517,
    "index": 13
  },
  {
    "name": "Require(10) node_modules/egg-logrotator/config/config.default.js",
    "start": 1625680695298,
    "end": 1625680695298,
    "duration": 0,
    "pid": 2517,
    "index": 14
  },
  {
    "name": "Require(11) node_modules/egg-static/config/config.default.js",
    "start": 1625680695298,
    "end": 1625680695299,
    "duration": 1,
    "pid": 2517,
    "index": 15
  },
  {
    "name": "Require(12) node_modules/egg-view/config/config.default.js",
    "start": 1625680695299,
    "end": 1625680695299,
    "duration": 0,
    "pid": 2517,
    "index": 16
  },
  {
    "name": "Require(13) node_modules/egg-cors/config/config.default.js",
    "start": 1625680695306,
    "end": 1625680695306,
    "duration": 0,
    "pid": 2517,
    "index": 17
  },
  {
    "name": "Require(14) node_modules/egg-sequelize/config/config.default.js",
    "start": 1625680695306,
    "end": 1625680695306,
    "duration": 0,
    "pid": 2517,
    "index": 18
  },
  {
    "name": "Require(15) node_modules/egg-view-nunjucks/config/config.default.js",
    "start": 1625680695306,
    "end": 1625680695307,
    "duration": 1,
    "pid": 2517,
    "index": 19
  },
  {
    "name": "Require(16) node_modules/egg-valparams/config/config.default.js",
    "start": 1625680695307,
    "end": 1625680695308,
    "duration": 1,
    "pid": 2517,
    "index": 20
  },
  {
    "name": "Require(17) node_modules/egg-jwt/config/config.default.js",
    "start": 1625680695308,
    "end": 1625680695308,
    "duration": 0,
    "pid": 2517,
    "index": 21
  },
  {
    "name": "Require(18) node_modules/egg-redis/config/config.default.js",
    "start": 1625680695308,
    "end": 1625680695308,
    "duration": 0,
    "pid": 2517,
    "index": 22
  },
  {
    "name": "Require(19) node_modules/egg-tenpay/config/config.default.js",
    "start": 1625680695308,
    "end": 1625680695309,
    "duration": 1,
    "pid": 2517,
    "index": 23
  },
  {
    "name": "Require(20) node_modules/egg-socket.io/config/config.default.js",
    "start": 1625680695309,
    "end": 1625680695309,
    "duration": 0,
    "pid": 2517,
    "index": 24
  },
  {
    "name": "Require(21) node_modules/egg/config/config.default.js",
    "start": 1625680695309,
    "end": 1625680695309,
    "duration": 0,
    "pid": 2517,
    "index": 25
  },
  {
    "name": "Require(22) config/config.default.js",
    "start": 1625680695311,
    "end": 1625680695311,
    "duration": 0,
    "pid": 2517,
    "index": 26
  },
  {
    "name": "Require(23) node_modules/egg-security/config/config.local.js",
    "start": 1625680695311,
    "end": 1625680695311,
    "duration": 0,
    "pid": 2517,
    "index": 27
  },
  {
    "name": "Require(24) node_modules/egg-watcher/config/config.local.js",
    "start": 1625680695311,
    "end": 1625680695312,
    "duration": 1,
    "pid": 2517,
    "index": 28
  },
  {
    "name": "Require(25) node_modules/egg-view/config/config.local.js",
    "start": 1625680695312,
    "end": 1625680695312,
    "duration": 0,
    "pid": 2517,
    "index": 29
  },
  {
    "name": "Require(26) node_modules/egg-view-nunjucks/config/config.local.js",
    "start": 1625680695312,
    "end": 1625680695312,
    "duration": 0,
    "pid": 2517,
    "index": 30
  },
  {
    "name": "Require(27) node_modules/egg/config/config.local.js",
    "start": 1625680695312,
    "end": 1625680695313,
    "duration": 1,
    "pid": 2517,
    "index": 31
  },
  {
    "name": "Load extend/application.js",
    "start": 1625680695314,
    "end": 1625680695361,
    "duration": 47,
    "pid": 2517,
    "index": 32
  },
  {
    "name": "Require(28) node_modules/egg-session/app/extend/application.js",
    "start": 1625680695314,
    "end": 1625680695314,
    "duration": 0,
    "pid": 2517,
    "index": 33
  },
  {
    "name": "Require(29) node_modules/egg-security/app/extend/application.js",
    "start": 1625680695314,
    "end": 1625680695315,
    "duration": 1,
    "pid": 2517,
    "index": 34
  },
  {
    "name": "Require(30) node_modules/egg-jsonp/app/extend/application.js",
    "start": 1625680695315,
    "end": 1625680695315,
    "duration": 0,
    "pid": 2517,
    "index": 35
  },
  {
    "name": "Require(31) node_modules/egg-logrotator/app/extend/application.js",
    "start": 1625680695315,
    "end": 1625680695316,
    "duration": 1,
    "pid": 2517,
    "index": 36
  },
  {
    "name": "Require(32) node_modules/egg-view/app/extend/application.js",
    "start": 1625680695316,
    "end": 1625680695316,
    "duration": 0,
    "pid": 2517,
    "index": 37
  },
  {
    "name": "Require(33) node_modules/egg-view-nunjucks/app/extend/application.js",
    "start": 1625680695317,
    "end": 1625680695330,
    "duration": 13,
    "pid": 2517,
    "index": 38
  },
  {
    "name": "Require(34) node_modules/egg-jwt/app/extend/application.js",
    "start": 1625680695330,
    "end": 1625680695348,
    "duration": 18,
    "pid": 2517,
    "index": 39
  },
  {
    "name": "Require(35) node_modules/egg-socket.io/app/extend/application.js",
    "start": 1625680695348,
    "end": 1625680695360,
    "duration": 12,
    "pid": 2517,
    "index": 40
  },
  {
    "name": "Require(36) app/extend/application.js",
    "start": 1625680695361,
    "end": 1625680695361,
    "duration": 0,
    "pid": 2517,
    "index": 41
  },
  {
    "name": "Load extend/request.js",
    "start": 1625680695361,
    "end": 1625680695363,
    "duration": 2,
    "pid": 2517,
    "index": 42
  },
  {
    "name": "Require(37) node_modules/egg/app/extend/request.js",
    "start": 1625680695362,
    "end": 1625680695362,
    "duration": 0,
    "pid": 2517,
    "index": 43
  },
  {
    "name": "Load extend/response.js",
    "start": 1625680695363,
    "end": 1625680695365,
    "duration": 2,
    "pid": 2517,
    "index": 44
  },
  {
    "name": "Require(38) node_modules/egg/app/extend/response.js",
    "start": 1625680695364,
    "end": 1625680695364,
    "duration": 0,
    "pid": 2517,
    "index": 45
  },
  {
    "name": "Load extend/context.js",
    "start": 1625680695365,
    "end": 1625680695449,
    "duration": 84,
    "pid": 2517,
    "index": 46
  },
  {
    "name": "Require(39) node_modules/egg-security/app/extend/context.js",
    "start": 1625680695365,
    "end": 1625680695368,
    "duration": 3,
    "pid": 2517,
    "index": 47
  },
  {
    "name": "Require(40) node_modules/egg-jsonp/app/extend/context.js",
    "start": 1625680695368,
    "end": 1625680695369,
    "duration": 1,
    "pid": 2517,
    "index": 48
  },
  {
    "name": "Require(41) node_modules/egg-i18n/app/extend/context.js",
    "start": 1625680695369,
    "end": 1625680695369,
    "duration": 0,
    "pid": 2517,
    "index": 49
  },
  {
    "name": "Require(42) node_modules/egg-multipart/app/extend/context.js",
    "start": 1625680695369,
    "end": 1625680695393,
    "duration": 24,
    "pid": 2517,
    "index": 50
  },
  {
    "name": "Require(43) node_modules/egg-view/app/extend/context.js",
    "start": 1625680695394,
    "end": 1625680695394,
    "duration": 0,
    "pid": 2517,
    "index": 51
  },
  {
    "name": "Require(44) node_modules/egg-valparams/app/extend/context.js",
    "start": 1625680695394,
    "end": 1625680695440,
    "duration": 46,
    "pid": 2517,
    "index": 52
  },
  {
    "name": "Require(45) node_modules/egg/app/extend/context.js",
    "start": 1625680695441,
    "end": 1625680695448,
    "duration": 7,
    "pid": 2517,
    "index": 53
  },
  {
    "name": "Require(46) app/extend/context.js",
    "start": 1625680695448,
    "end": 1625680695448,
    "duration": 0,
    "pid": 2517,
    "index": 54
  },
  {
    "name": "Load extend/helper.js",
    "start": 1625680695449,
    "end": 1625680695466,
    "duration": 17,
    "pid": 2517,
    "index": 55
  },
  {
    "name": "Require(47) node_modules/egg-security/app/extend/helper.js",
    "start": 1625680695449,
    "end": 1625680695464,
    "duration": 15,
    "pid": 2517,
    "index": 56
  },
  {
    "name": "Require(48) node_modules/egg/app/extend/helper.js",
    "start": 1625680695465,
    "end": 1625680695465,
    "duration": 0,
    "pid": 2517,
    "index": 57
  },
  {
    "name": "Require(49) app/extend/helper.js",
    "start": 1625680695465,
    "end": 1625680695466,
    "duration": 1,
    "pid": 2517,
    "index": 58
  },
  {
    "name": "Load app.js",
    "start": 1625680695466,
    "end": 1625680695819,
    "duration": 353,
    "pid": 2517,
    "index": 59
  },
  {
    "name": "Require(50) node_modules/egg-session/app.js",
    "start": 1625680695467,
    "end": 1625680695467,
    "duration": 0,
    "pid": 2517,
    "index": 60
  },
  {
    "name": "Require(51) node_modules/egg-security/app.js",
    "start": 1625680695467,
    "end": 1625680695468,
    "duration": 1,
    "pid": 2517,
    "index": 61
  },
  {
    "name": "Require(52) node_modules/egg-onerror/app.js",
    "start": 1625680695468,
    "end": 1625680695471,
    "duration": 3,
    "pid": 2517,
    "index": 62
  },
  {
    "name": "Require(53) node_modules/egg-i18n/app.js",
    "start": 1625680695471,
    "end": 1625680695512,
    "duration": 41,
    "pid": 2517,
    "index": 63
  },
  {
    "name": "Require(54) node_modules/egg-watcher/app.js",
    "start": 1625680695512,
    "end": 1625680695513,
    "duration": 1,
    "pid": 2517,
    "index": 64
  },
  {
    "name": "Require(55) node_modules/egg-schedule/app.js",
    "start": 1625680695513,
    "end": 1625680695516,
    "duration": 3,
    "pid": 2517,
    "index": 65
  },
  {
    "name": "Require(56) node_modules/egg-multipart/app.js",
    "start": 1625680695516,
    "end": 1625680695516,
    "duration": 0,
    "pid": 2517,
    "index": 66
  },
  {
    "name": "Require(57) node_modules/egg-development/app.js",
    "start": 1625680695517,
    "end": 1625680695517,
    "duration": 0,
    "pid": 2517,
    "index": 67
  },
  {
    "name": "Require(58) node_modules/egg-logrotator/app.js",
    "start": 1625680695517,
    "end": 1625680695517,
    "duration": 0,
    "pid": 2517,
    "index": 68
  },
  {
    "name": "Require(59) node_modules/egg-static/app.js",
    "start": 1625680695517,
    "end": 1625680695517,
    "duration": 0,
    "pid": 2517,
    "index": 69
  },
  {
    "name": "Require(60) node_modules/egg-cors/app.js",
    "start": 1625680695517,
    "end": 1625680695517,
    "duration": 0,
    "pid": 2517,
    "index": 70
  },
  {
    "name": "Require(61) node_modules/egg-sequelize/app.js",
    "start": 1625680695517,
    "end": 1625680695518,
    "duration": 1,
    "pid": 2517,
    "index": 71
  },
  {
    "name": "Require(62) node_modules/egg-view-nunjucks/app.js",
    "start": 1625680695518,
    "end": 1625680695518,
    "duration": 0,
    "pid": 2517,
    "index": 72
  },
  {
    "name": "Require(63) node_modules/egg-valparams/app.js",
    "start": 1625680695518,
    "end": 1625680695703,
    "duration": 185,
    "pid": 2517,
    "index": 73
  },
  {
    "name": "Require(64) node_modules/egg-jwt/app.js",
    "start": 1625680695703,
    "end": 1625680695703,
    "duration": 0,
    "pid": 2517,
    "index": 74
  },
  {
    "name": "Require(65) node_modules/egg-redis/app.js",
    "start": 1625680695703,
    "end": 1625680695703,
    "duration": 0,
    "pid": 2517,
    "index": 75
  },
  {
    "name": "Require(66) node_modules/egg-tenpay/app.js",
    "start": 1625680695704,
    "end": 1625680695720,
    "duration": 16,
    "pid": 2517,
    "index": 76
  },
  {
    "name": "Require(67) node_modules/egg-socket.io/app.js",
    "start": 1625680695720,
    "end": 1625680695749,
    "duration": 29,
    "pid": 2517,
    "index": 77
  },
  {
    "name": "Require(68) app.js",
    "start": 1625680695749,
    "end": 1625680695819,
    "duration": 70,
    "pid": 2517,
    "index": 78
  },
  {
    "name": "Before Start in node_modules/egg-watcher/lib/init.js:15:14",
    "start": 1625680695828,
    "end": 1625680696152,
    "duration": 324,
    "pid": 2517,
    "index": 79
  },
  {
    "name": "Load \"Symbol(model)\" to Application",
    "start": 1625680695898,
    "end": 1625680695914,
    "duration": 16,
    "pid": 2517,
    "index": 80
  },
  {
    "name": "Before Start in node_modules/egg-sequelize/lib/loader.js:39:7",
    "start": 1625680695918,
    "end": 1625680696179,
    "duration": 261,
    "pid": 2517,
    "index": 81
  },
  {
    "name": "Before Start in node_modules/egg-redis/lib/redis.js:53:7",
    "start": 1625680695946,
    "end": 1625680696138,
    "duration": 192,
    "pid": 2517,
    "index": 82
  },
  {
    "name": "Load Controller",
    "start": 1625680695952,
    "end": 1625680696017,
    "duration": 65,
    "pid": 2517,
    "index": 83
  },
  {
    "name": "Load \"controller\" to Application",
    "start": 1625680695952,
    "end": 1625680696017,
    "duration": 65,
    "pid": 2517,
    "index": 84
  },
  {
    "name": "Before Start in node_modules/egg-socket.io/lib/io.js:26:7",
    "start": 1625680695956,
    "end": 1625680696064,
    "duration": 108,
    "pid": 2517,
    "index": 85
  },
  {
    "name": "Did Load in node_modules/egg-tenpay/app.js:didLoad",
    "start": 1625680695961,
    "end": 1625680696064,
    "duration": 103,
    "pid": 2517,
    "index": 86
  },
  {
    "name": "Did Load in app.js:didLoad",
    "start": 1625680695961,
    "end": 1625680696064,
    "duration": 103,
    "pid": 2517,
    "index": 87
  },
  {
    "name": "Load Service",
    "start": 1625680695961,
    "end": 1625680695966,
    "duration": 5,
    "pid": 2517,
    "index": 88
  },
  {
    "name": "Load \"service\" to Context",
    "start": 1625680695961,
    "end": 1625680695966,
    "duration": 5,
    "pid": 2517,
    "index": 89
  },
  {
    "name": "Load Middleware",
    "start": 1625680695966,
    "end": 1625680696017,
    "duration": 51,
    "pid": 2517,
    "index": 90
  },
  {
    "name": "Load \"middlewares\" to Application",
    "start": 1625680695966,
    "end": 1625680696010,
    "duration": 44,
    "pid": 2517,
    "index": 91
  },
  {
    "name": "Load Controller",
    "start": 1625680696017,
    "end": 1625680696025,
    "duration": 8,
    "pid": 2517,
    "index": 92
  },
  {
    "name": "Load \"controller\" to Application",
    "start": 1625680696017,
    "end": 1625680696025,
    "duration": 8,
    "pid": 2517,
    "index": 93
  },
  {
    "name": "Load Router",
    "start": 1625680696025,
    "end": 1625680696027,
    "duration": 2,
    "pid": 2517,
    "index": 94
  },
  {
    "name": "Require(69) app/router.js",
    "start": 1625680696025,
    "end": 1625680696025,
    "duration": 0,
    "pid": 2517,
    "index": 95
  },
  {
    "name": "Before Start in node_modules/egg-core/lib/egg.js:303:10",
    "start": 1625680696026,
    "end": 1625680696064,
    "duration": 38,
    "pid": 2517,
    "index": 96
  },
  {
    "name": "Will Ready in app.js:willReady",
    "start": 1625680696179,
    "end": 1625680696179,
    "duration": 0,
    "pid": 2517,
    "index": 97
  }
]