[
  {
    "name": "Process Start",
    "start": 1625680703401,
    "end": 1625680704025,
    "duration": 624,
    "pid": 2536,
    "index": 0
  },
  {
    "name": "Application Start",
    "start": 1625680704026,
    "end": 1625680704855,
    "duration": 829,
    "pid": 2536,
    "index": 1
  },
  {
    "name": "Load Plugin",
    "start": 1625680704028,
    "end": 1625680704042,
    "duration": 14,
    "pid": 2536,
    "index": 2
  },
  {
    "name": "Load Config",
    "start": 1625680704042,
    "end": 1625680704063,
    "duration": 21,
    "pid": 2536,
    "index": 3
  },
  {
    "name": "Require(0) config/config.default.js",
    "start": 1625680704043,
    "end": 1625680704043,
    "duration": 0,
    "pid": 2536,
    "index": 4
  },
  {
    "name": "Require(1) node_modules/egg-session/config/config.default.js",
    "start": 1625680704045,
    "end": 1625680704045,
    "duration": 0,
    "pid": 2536,
    "index": 5
  },
  {
    "name": "Require(2) node_modules/egg-security/config/config.default.js",
    "start": 1625680704045,
    "end": 1625680704045,
    "duration": 0,
    "pid": 2536,
    "index": 6
  },
  {
    "name": "Require(3) node_modules/egg-jsonp/config/config.default.js",
    "start": 1625680704046,
    "end": 1625680704046,
    "duration": 0,
    "pid": 2536,
    "index": 7
  },
  {
    "name": "Require(4) node_modules/egg-onerror/config/config.default.js",
    "start": 1625680704046,
    "end": 1625680704047,
    "duration": 1,
    "pid": 2536,
    "index": 8
  },
  {
    "name": "Require(5) node_modules/egg-i18n/config/config.default.js",
    "start": 1625680704047,
    "end": 1625680704047,
    "duration": 0,
    "pid": 2536,
    "index": 9
  },
  {
    "name": "Require(6) node_modules/egg-watcher/config/config.default.js",
    "start": 1625680704047,
    "end": 1625680704047,
    "duration": 0,
    "pid": 2536,
    "index": 10
  },
  {
    "name": "Require(7) node_modules/egg-schedule/config/config.default.js",
    "start": 1625680704047,
    "end": 1625680704048,
    "duration": 1,
    "pid": 2536,
    "index": 11
  },
  {
    "name": "Require(8) node_modules/egg-multipart/config/config.default.js",
    "start": 1625680704048,
    "end": 1625680704048,
    "duration": 0,
    "pid": 2536,
    "index": 12
  },
  {
    "name": "Require(9) node_modules/egg-development/config/config.default.js",
    "start": 1625680704048,
    "end": 1625680704049,
    "duration": 1,
    "pid": 2536,
    "index": 13
  },
  {
    "name": "Require(10) node_modules/egg-logrotator/config/config.default.js",
    "start": 1625680704049,
    "end": 1625680704049,
    "duration": 0,
    "pid": 2536,
    "index": 14
  },
  {
    "name": "Require(11) node_modules/egg-static/config/config.default.js",
    "start": 1625680704049,
    "end": 1625680704049,
    "duration": 0,
    "pid": 2536,
    "index": 15
  },
  {
    "name": "Require(12) node_modules/egg-view/config/config.default.js",
    "start": 1625680704050,
    "end": 1625680704050,
    "duration": 0,
    "pid": 2536,
    "index": 16
  },
  {
    "name": "Require(13) node_modules/egg-cors/config/config.default.js",
    "start": 1625680704050,
    "end": 1625680704050,
    "duration": 0,
    "pid": 2536,
    "index": 17
  },
  {
    "name": "Require(14) node_modules/egg-sequelize/config/config.default.js",
    "start": 1625680704050,
    "end": 1625680704050,
    "duration": 0,
    "pid": 2536,
    "index": 18
  },
  {
    "name": "Require(15) node_modules/egg-view-nunjucks/config/config.default.js",
    "start": 1625680704057,
    "end": 1625680704057,
    "duration": 0,
    "pid": 2536,
    "index": 19
  },
  {
    "name": "Require(16) node_modules/egg-valparams/config/config.default.js",
    "start": 1625680704058,
    "end": 1625680704058,
    "duration": 0,
    "pid": 2536,
    "index": 20
  },
  {
    "name": "Require(17) node_modules/egg-jwt/config/config.default.js",
    "start": 1625680704058,
    "end": 1625680704058,
    "duration": 0,
    "pid": 2536,
    "index": 21
  },
  {
    "name": "Require(18) node_modules/egg-redis/config/config.default.js",
    "start": 1625680704058,
    "end": 1625680704059,
    "duration": 1,
    "pid": 2536,
    "index": 22
  },
  {
    "name": "Require(19) node_modules/egg-tenpay/config/config.default.js",
    "start": 1625680704059,
    "end": 1625680704059,
    "duration": 0,
    "pid": 2536,
    "index": 23
  },
  {
    "name": "Require(20) node_modules/egg-socket.io/config/config.default.js",
    "start": 1625680704059,
    "end": 1625680704059,
    "duration": 0,
    "pid": 2536,
    "index": 24
  },
  {
    "name": "Require(21) node_modules/egg/config/config.default.js",
    "start": 1625680704059,
    "end": 1625680704060,
    "duration": 1,
    "pid": 2536,
    "index": 25
  },
  {
    "name": "Require(22) config/config.default.js",
    "start": 1625680704061,
    "end": 1625680704061,
    "duration": 0,
    "pid": 2536,
    "index": 26
  },
  {
    "name": "Require(23) node_modules/egg-security/config/config.local.js",
    "start": 1625680704061,
    "end": 1625680704062,
    "duration": 1,
    "pid": 2536,
    "index": 27
  },
  {
    "name": "Require(24) node_modules/egg-watcher/config/config.local.js",
    "start": 1625680704062,
    "end": 1625680704062,
    "duration": 0,
    "pid": 2536,
    "index": 28
  },
  {
    "name": "Require(25) node_modules/egg-view/config/config.local.js",
    "start": 1625680704062,
    "end": 1625680704062,
    "duration": 0,
    "pid": 2536,
    "index": 29
  },
  {
    "name": "Require(26) node_modules/egg-view-nunjucks/config/config.local.js",
    "start": 1625680704062,
    "end": 1625680704063,
    "duration": 1,
    "pid": 2536,
    "index": 30
  },
  {
    "name": "Require(27) node_modules/egg/config/config.local.js",
    "start": 1625680704063,
    "end": 1625680704063,
    "duration": 0,
    "pid": 2536,
    "index": 31
  },
  {
    "name": "Load extend/application.js",
    "start": 1625680704064,
    "end": 1625680704111,
    "duration": 47,
    "pid": 2536,
    "index": 32
  },
  {
    "name": "Require(28) node_modules/egg-session/app/extend/application.js",
    "start": 1625680704064,
    "end": 1625680704064,
    "duration": 0,
    "pid": 2536,
    "index": 33
  },
  {
    "name": "Require(29) node_modules/egg-security/app/extend/application.js",
    "start": 1625680704065,
    "end": 1625680704065,
    "duration": 0,
    "pid": 2536,
    "index": 34
  },
  {
    "name": "Require(30) node_modules/egg-jsonp/app/extend/application.js",
    "start": 1625680704065,
    "end": 1625680704065,
    "duration": 0,
    "pid": 2536,
    "index": 35
  },
  {
    "name": "Require(31) node_modules/egg-logrotator/app/extend/application.js",
    "start": 1625680704066,
    "end": 1625680704066,
    "duration": 0,
    "pid": 2536,
    "index": 36
  },
  {
    "name": "Require(32) node_modules/egg-view/app/extend/application.js",
    "start": 1625680704066,
    "end": 1625680704067,
    "duration": 1,
    "pid": 2536,
    "index": 37
  },
  {
    "name": "Require(33) node_modules/egg-view-nunjucks/app/extend/application.js",
    "start": 1625680704067,
    "end": 1625680704081,
    "duration": 14,
    "pid": 2536,
    "index": 38
  },
  {
    "name": "Require(34) node_modules/egg-jwt/app/extend/application.js",
    "start": 1625680704081,
    "end": 1625680704099,
    "duration": 18,
    "pid": 2536,
    "index": 39
  },
  {
    "name": "Require(35) node_modules/egg-socket.io/app/extend/application.js",
    "start": 1625680704099,
    "end": 1625680704111,
    "duration": 12,
    "pid": 2536,
    "index": 40
  },
  {
    "name": "Require(36) app/extend/application.js",
    "start": 1625680704111,
    "end": 1625680704111,
    "duration": 0,
    "pid": 2536,
    "index": 41
  },
  {
    "name": "Load extend/request.js",
    "start": 1625680704111,
    "end": 1625680704113,
    "duration": 2,
    "pid": 2536,
    "index": 42
  },
  {
    "name": "Require(37) node_modules/egg/app/extend/request.js",
    "start": 1625680704112,
    "end": 1625680704113,
    "duration": 1,
    "pid": 2536,
    "index": 43
  },
  {
    "name": "Load extend/response.js",
    "start": 1625680704113,
    "end": 1625680704115,
    "duration": 2,
    "pid": 2536,
    "index": 44
  },
  {
    "name": "Require(38) node_modules/egg/app/extend/response.js",
    "start": 1625680704114,
    "end": 1625680704114,
    "duration": 0,
    "pid": 2536,
    "index": 45
  },
  {
    "name": "Load extend/context.js",
    "start": 1625680704115,
    "end": 1625680704191,
    "duration": 76,
    "pid": 2536,
    "index": 46
  },
  {
    "name": "Require(39) node_modules/egg-security/app/extend/context.js",
    "start": 1625680704115,
    "end": 1625680704118,
    "duration": 3,
    "pid": 2536,
    "index": 47
  },
  {
    "name": "Require(40) node_modules/egg-jsonp/app/extend/context.js",
    "start": 1625680704118,
    "end": 1625680704119,
    "duration": 1,
    "pid": 2536,
    "index": 48
  },
  {
    "name": "Require(41) node_modules/egg-i18n/app/extend/context.js",
    "start": 1625680704119,
    "end": 1625680704119,
    "duration": 0,
    "pid": 2536,
    "index": 49
  },
  {
    "name": "Require(42) node_modules/egg-multipart/app/extend/context.js",
    "start": 1625680704119,
    "end": 1625680704143,
    "duration": 24,
    "pid": 2536,
    "index": 50
  },
  {
    "name": "Require(43) node_modules/egg-view/app/extend/context.js",
    "start": 1625680704144,
    "end": 1625680704144,
    "duration": 0,
    "pid": 2536,
    "index": 51
  },
  {
    "name": "Require(44) node_modules/egg-valparams/app/extend/context.js",
    "start": 1625680704144,
    "end": 1625680704166,
    "duration": 22,
    "pid": 2536,
    "index": 52
  },
  {
    "name": "Require(45) node_modules/egg/app/extend/context.js",
    "start": 1625680704167,
    "end": 1625680704167,
    "duration": 0,
    "pid": 2536,
    "index": 53
  },
  {
    "name": "Require(46) app/extend/context.js",
    "start": 1625680704190,
    "end": 1625680704190,
    "duration": 0,
    "pid": 2536,
    "index": 54
  },
  {
    "name": "Load extend/helper.js",
    "start": 1625680704191,
    "end": 1625680704212,
    "duration": 21,
    "pid": 2536,
    "index": 55
  },
  {
    "name": "Require(47) node_modules/egg-security/app/extend/helper.js",
    "start": 1625680704198,
    "end": 1625680704210,
    "duration": 12,
    "pid": 2536,
    "index": 56
  },
  {
    "name": "Require(48) node_modules/egg/app/extend/helper.js",
    "start": 1625680704211,
    "end": 1625680704211,
    "duration": 0,
    "pid": 2536,
    "index": 57
  },
  {
    "name": "Require(49) app/extend/helper.js",
    "start": 1625680704211,
    "end": 1625680704211,
    "duration": 0,
    "pid": 2536,
    "index": 58
  },
  {
    "name": "Load app.js",
    "start": 1625680704212,
    "end": 1625680704497,
    "duration": 285,
    "pid": 2536,
    "index": 59
  },
  {
    "name": "Require(50) node_modules/egg-session/app.js",
    "start": 1625680704212,
    "end": 1625680704212,
    "duration": 0,
    "pid": 2536,
    "index": 60
  },
  {
    "name": "Require(51) node_modules/egg-security/app.js",
    "start": 1625680704213,
    "end": 1625680704213,
    "duration": 0,
    "pid": 2536,
    "index": 61
  },
  {
    "name": "Require(52) node_modules/egg-onerror/app.js",
    "start": 1625680704213,
    "end": 1625680704216,
    "duration": 3,
    "pid": 2536,
    "index": 62
  },
  {
    "name": "Require(53) node_modules/egg-i18n/app.js",
    "start": 1625680704216,
    "end": 1625680704224,
    "duration": 8,
    "pid": 2536,
    "index": 63
  },
  {
    "name": "Require(54) node_modules/egg-watcher/app.js",
    "start": 1625680704224,
    "end": 1625680704225,
    "duration": 1,
    "pid": 2536,
    "index": 64
  },
  {
    "name": "Require(55) node_modules/egg-schedule/app.js",
    "start": 1625680704225,
    "end": 1625680704226,
    "duration": 1,
    "pid": 2536,
    "index": 65
  },
  {
    "name": "Require(56) node_modules/egg-multipart/app.js",
    "start": 1625680704226,
    "end": 1625680704226,
    "duration": 0,
    "pid": 2536,
    "index": 66
  },
  {
    "name": "Require(57) node_modules/egg-development/app.js",
    "start": 1625680704226,
    "end": 1625680704227,
    "duration": 1,
    "pid": 2536,
    "index": 67
  },
  {
    "name": "Require(58) node_modules/egg-logrotator/app.js",
    "start": 1625680704227,
    "end": 1625680704227,
    "duration": 0,
    "pid": 2536,
    "index": 68
  },
  {
    "name": "Require(59) node_modules/egg-static/app.js",
    "start": 1625680704227,
    "end": 1625680704227,
    "duration": 0,
    "pid": 2536,
    "index": 69
  },
  {
    "name": "Require(60) node_modules/egg-cors/app.js",
    "start": 1625680704227,
    "end": 1625680704227,
    "duration": 0,
    "pid": 2536,
    "index": 70
  },
  {
    "name": "Require(61) node_modules/egg-sequelize/app.js",
    "start": 1625680704227,
    "end": 1625680704227,
    "duration": 0,
    "pid": 2536,
    "index": 71
  },
  {
    "name": "Require(62) node_modules/egg-view-nunjucks/app.js",
    "start": 1625680704227,
    "end": 1625680704228,
    "duration": 1,
    "pid": 2536,
    "index": 72
  },
  {
    "name": "Require(63) node_modules/egg-valparams/app.js",
    "start": 1625680704228,
    "end": 1625680704381,
    "duration": 153,
    "pid": 2536,
    "index": 73
  },
  {
    "name": "Require(64) node_modules/egg-jwt/app.js",
    "start": 1625680704381,
    "end": 1625680704381,
    "duration": 0,
    "pid": 2536,
    "index": 74
  },
  {
    "name": "Require(65) node_modules/egg-redis/app.js",
    "start": 1625680704381,
    "end": 1625680704381,
    "duration": 0,
    "pid": 2536,
    "index": 75
  },
  {
    "name": "Require(66) node_modules/egg-tenpay/app.js",
    "start": 1625680704381,
    "end": 1625680704397,
    "duration": 16,
    "pid": 2536,
    "index": 76
  },
  {
    "name": "Require(67) node_modules/egg-socket.io/app.js",
    "start": 1625680704397,
    "end": 1625680704427,
    "duration": 30,
    "pid": 2536,
    "index": 77
  },
  {
    "name": "Require(68) app.js",
    "start": 1625680704427,
    "end": 1625680704497,
    "duration": 70,
    "pid": 2536,
    "index": 78
  },
  {
    "name": "Before Start in node_modules/egg-watcher/lib/init.js:15:14",
    "start": 1625680704505,
    "end": 1625680704814,
    "duration": 309,
    "pid": 2536,
    "index": 79
  },
  {
    "name": "Load \"Symbol(model)\" to Application",
    "start": 1625680704573,
    "end": 1625680704589,
    "duration": 16,
    "pid": 2536,
    "index": 80
  },
  {
    "name": "Before Start in node_modules/egg-sequelize/lib/loader.js:39:7",
    "start": 1625680704594,
    "end": 1625680704854,
    "duration": 260,
    "pid": 2536,
    "index": 81
  },
  {
    "name": "Before Start in node_modules/egg-redis/lib/redis.js:53:7",
    "start": 1625680704621,
    "end": 1625680704809,
    "duration": 188,
    "pid": 2536,
    "index": 82
  },
  {
    "name": "Load Controller",
    "start": 1625680704627,
    "end": 1625680704691,
    "duration": 64,
    "pid": 2536,
    "index": 83
  },
  {
    "name": "Load \"controller\" to Application",
    "start": 1625680704628,
    "end": 1625680704691,
    "duration": 63,
    "pid": 2536,
    "index": 84
  },
  {
    "name": "Before Start in node_modules/egg-socket.io/lib/io.js:26:7",
    "start": 1625680704632,
    "end": 1625680704738,
    "duration": 106,
    "pid": 2536,
    "index": 85
  },
  {
    "name": "Did Load in node_modules/egg-tenpay/app.js:didLoad",
    "start": 1625680704635,
    "end": 1625680704738,
    "duration": 103,
    "pid": 2536,
    "index": 86
  },
  {
    "name": "Did Load in app.js:didLoad",
    "start": 1625680704635,
    "end": 1625680704738,
    "duration": 103,
    "pid": 2536,
    "index": 87
  },
  {
    "name": "Load Service",
    "start": 1625680704635,
    "end": 1625680704640,
    "duration": 5,
    "pid": 2536,
    "index": 88
  },
  {
    "name": "Load \"service\" to Context",
    "start": 1625680704635,
    "end": 1625680704640,
    "duration": 5,
    "pid": 2536,
    "index": 89
  },
  {
    "name": "Load Middleware",
    "start": 1625680704640,
    "end": 1625680704691,
    "duration": 51,
    "pid": 2536,
    "index": 90
  },
  {
    "name": "Load \"middlewares\" to Application",
    "start": 1625680704640,
    "end": 1625680704683,
    "duration": 43,
    "pid": 2536,
    "index": 91
  },
  {
    "name": "Load Controller",
    "start": 1625680704691,
    "end": 1625680704698,
    "duration": 7,
    "pid": 2536,
    "index": 92
  },
  {
    "name": "Load \"controller\" to Application",
    "start": 1625680704691,
    "end": 1625680704698,
    "duration": 7,
    "pid": 2536,
    "index": 93
  },
  {
    "name": "Load Router",
    "start": 1625680704698,
    "end": 1625680704701,
    "duration": 3,
    "pid": 2536,
    "index": 94
  },
  {
    "name": "Require(69) app/router.js",
    "start": 1625680704698,
    "end": 1625680704698,
    "duration": 0,
    "pid": 2536,
    "index": 95
  },
  {
    "name": "Before Start in node_modules/egg-core/lib/egg.js:303:10",
    "start": 1625680704699,
    "end": 1625680704738,
    "duration": 39,
    "pid": 2536,
    "index": 96
  },
  {
    "name": "Will Ready in app.js:willReady",
    "start": 1625680704855,
    "end": 1625680704855,
    "duration": 0,
    "pid": 2536,
    "index": 97
  }
]