[
  {
    "name": "Process Start",
    "start": 1625680739779,
    "end": 1625680740143,
    "duration": 364,
    "pid": 2624,
    "index": 0
  },
  {
    "name": "Application Start",
    "start": 1625680740143,
    "end": 1625680740966,
    "duration": 823,
    "pid": 2624,
    "index": 1
  },
  {
    "name": "Load Plugin",
    "start": 1625680740146,
    "end": 1625680740155,
    "duration": 9,
    "pid": 2624,
    "index": 2
  },
  {
    "name": "Load Config",
    "start": 1625680740155,
    "end": 1625680740168,
    "duration": 13,
    "pid": 2624,
    "index": 3
  },
  {
    "name": "Require(0) config/config.default.js",
    "start": 1625680740155,
    "end": 1625680740156,
    "duration": 1,
    "pid": 2624,
    "index": 4
  },
  {
    "name": "Require(1) node_modules/egg-session/config/config.default.js",
    "start": 1625680740158,
    "end": 1625680740158,
    "duration": 0,
    "pid": 2624,
    "index": 5
  },
  {
    "name": "Require(2) node_modules/egg-security/config/config.default.js",
    "start": 1625680740158,
    "end": 1625680740158,
    "duration": 0,
    "pid": 2624,
    "index": 6
  },
  {
    "name": "Require(3) node_modules/egg-jsonp/config/config.default.js",
    "start": 1625680740159,
    "end": 1625680740159,
    "duration": 0,
    "pid": 2624,
    "index": 7
  },
  {
    "name": "Require(4) node_modules/egg-onerror/config/config.default.js",
    "start": 1625680740159,
    "end": 1625680740159,
    "duration": 0,
    "pid": 2624,
    "index": 8
  },
  {
    "name": "Require(5) node_modules/egg-i18n/config/config.default.js",
    "start": 1625680740160,
    "end": 1625680740160,
    "duration": 0,
    "pid": 2624,
    "index": 9
  },
  {
    "name": "Require(6) node_modules/egg-watcher/config/config.default.js",
    "start": 1625680740160,
    "end": 1625680740160,
    "duration": 0,
    "pid": 2624,
    "index": 10
  },
  {
    "name": "Require(7) node_modules/egg-schedule/config/config.default.js",
    "start": 1625680740160,
    "end": 1625680740161,
    "duration": 1,
    "pid": 2624,
    "index": 11
  },
  {
    "name": "Require(8) node_modules/egg-multipart/config/config.default.js",
    "start": 1625680740161,
    "end": 1625680740161,
    "duration": 0,
    "pid": 2624,
    "index": 12
  },
  {
    "name": "Require(9) node_modules/egg-logrotator/config/config.default.js",
    "start": 1625680740161,
    "end": 1625680740162,
    "duration": 1,
    "pid": 2624,
    "index": 13
  },
  {
    "name": "Require(10) node_modules/egg-static/config/config.default.js",
    "start": 1625680740162,
    "end": 1625680740162,
    "duration": 0,
    "pid": 2624,
    "index": 14
  },
  {
    "name": "Require(11) node_modules/egg-view/config/config.default.js",
    "start": 1625680740162,
    "end": 1625680740162,
    "duration": 0,
    "pid": 2624,
    "index": 15
  },
  {
    "name": "Require(12) node_modules/egg-cors/config/config.default.js",
    "start": 1625680740163,
    "end": 1625680740163,
    "duration": 0,
    "pid": 2624,
    "index": 16
  },
  {
    "name": "Require(13) node_modules/egg-sequelize/config/config.default.js",
    "start": 1625680740163,
    "end": 1625680740163,
    "duration": 0,
    "pid": 2624,
    "index": 17
  },
  {
    "name": "Require(14) node_modules/egg-view-nunjucks/config/config.default.js",
    "start": 1625680740163,
    "end": 1625680740163,
    "duration": 0,
    "pid": 2624,
    "index": 18
  },
  {
    "name": "Require(15) node_modules/egg-valparams/config/config.default.js",
    "start": 1625680740163,
    "end": 1625680740164,
    "duration": 1,
    "pid": 2624,
    "index": 19
  },
  {
    "name": "Require(16) node_modules/egg-jwt/config/config.default.js",
    "start": 1625680740164,
    "end": 1625680740164,
    "duration": 0,
    "pid": 2624,
    "index": 20
  },
  {
    "name": "Require(17) node_modules/egg-redis/config/config.default.js",
    "start": 1625680740164,
    "end": 1625680740164,
    "duration": 0,
    "pid": 2624,
    "index": 21
  },
  {
    "name": "Require(18) node_modules/egg-tenpay/config/config.default.js",
    "start": 1625680740165,
    "end": 1625680740165,
    "duration": 0,
    "pid": 2624,
    "index": 22
  },
  {
    "name": "Require(19) node_modules/egg-socket.io/config/config.default.js",
    "start": 1625680740165,
    "end": 1625680740165,
    "duration": 0,
    "pid": 2624,
    "index": 23
  },
  {
    "name": "Require(20) node_modules/egg/config/config.default.js",
    "start": 1625680740165,
    "end": 1625680740165,
    "duration": 0,
    "pid": 2624,
    "index": 24
  },
  {
    "name": "Require(21) config/config.default.js",
    "start": 1625680740167,
    "end": 1625680740167,
    "duration": 0,
    "pid": 2624,
    "index": 25
  },
  {
    "name": "Require(22) node_modules/egg-static/config/config.prod.js",
    "start": 1625680740168,
    "end": 1625680740168,
    "duration": 0,
    "pid": 2624,
    "index": 26
  },
  {
    "name": "Load extend/application.js",
    "start": 1625680740170,
    "end": 1625680740226,
    "duration": 56,
    "pid": 2624,
    "index": 27
  },
  {
    "name": "Require(23) node_modules/egg-session/app/extend/application.js",
    "start": 1625680740170,
    "end": 1625680740170,
    "duration": 0,
    "pid": 2624,
    "index": 28
  },
  {
    "name": "Require(24) node_modules/egg-security/app/extend/application.js",
    "start": 1625680740170,
    "end": 1625680740171,
    "duration": 1,
    "pid": 2624,
    "index": 29
  },
  {
    "name": "Require(25) node_modules/egg-jsonp/app/extend/application.js",
    "start": 1625680740171,
    "end": 1625680740171,
    "duration": 0,
    "pid": 2624,
    "index": 30
  },
  {
    "name": "Require(26) node_modules/egg-logrotator/app/extend/application.js",
    "start": 1625680740172,
    "end": 1625680740172,
    "duration": 0,
    "pid": 2624,
    "index": 31
  },
  {
    "name": "Require(27) node_modules/egg-view/app/extend/application.js",
    "start": 1625680740172,
    "end": 1625680740173,
    "duration": 1,
    "pid": 2624,
    "index": 32
  },
  {
    "name": "Require(28) node_modules/egg-view-nunjucks/app/extend/application.js",
    "start": 1625680740173,
    "end": 1625680740190,
    "duration": 17,
    "pid": 2624,
    "index": 33
  },
  {
    "name": "Require(29) node_modules/egg-jwt/app/extend/application.js",
    "start": 1625680740190,
    "end": 1625680740212,
    "duration": 22,
    "pid": 2624,
    "index": 34
  },
  {
    "name": "Require(30) node_modules/egg-socket.io/app/extend/application.js",
    "start": 1625680740212,
    "end": 1625680740225,
    "duration": 13,
    "pid": 2624,
    "index": 35
  },
  {
    "name": "Require(31) app/extend/application.js",
    "start": 1625680740225,
    "end": 1625680740225,
    "duration": 0,
    "pid": 2624,
    "index": 36
  },
  {
    "name": "Load extend/request.js",
    "start": 1625680740226,
    "end": 1625680740227,
    "duration": 1,
    "pid": 2624,
    "index": 37
  },
  {
    "name": "Require(32) node_modules/egg/app/extend/request.js",
    "start": 1625680740226,
    "end": 1625680740227,
    "duration": 1,
    "pid": 2624,
    "index": 38
  },
  {
    "name": "Load extend/response.js",
    "start": 1625680740227,
    "end": 1625680740230,
    "duration": 3,
    "pid": 2624,
    "index": 39
  },
  {
    "name": "Require(33) node_modules/egg/app/extend/response.js",
    "start": 1625680740228,
    "end": 1625680740229,
    "duration": 1,
    "pid": 2624,
    "index": 40
  },
  {
    "name": "Load extend/context.js",
    "start": 1625680740230,
    "end": 1625680740310,
    "duration": 80,
    "pid": 2624,
    "index": 41
  },
  {
    "name": "Require(34) node_modules/egg-security/app/extend/context.js",
    "start": 1625680740230,
    "end": 1625680740234,
    "duration": 4,
    "pid": 2624,
    "index": 42
  },
  {
    "name": "Require(35) node_modules/egg-jsonp/app/extend/context.js",
    "start": 1625680740234,
    "end": 1625680740234,
    "duration": 0,
    "pid": 2624,
    "index": 43
  },
  {
    "name": "Require(36) node_modules/egg-i18n/app/extend/context.js",
    "start": 1625680740234,
    "end": 1625680740235,
    "duration": 1,
    "pid": 2624,
    "index": 44
  },
  {
    "name": "Require(37) node_modules/egg-multipart/app/extend/context.js",
    "start": 1625680740235,
    "end": 1625680740284,
    "duration": 49,
    "pid": 2624,
    "index": 45
  },
  {
    "name": "Require(38) node_modules/egg-view/app/extend/context.js",
    "start": 1625680740284,
    "end": 1625680740288,
    "duration": 4,
    "pid": 2624,
    "index": 46
  },
  {
    "name": "Require(39) node_modules/egg-valparams/app/extend/context.js",
    "start": 1625680740288,
    "end": 1625680740308,
    "duration": 20,
    "pid": 2624,
    "index": 47
  },
  {
    "name": "Require(40) node_modules/egg/app/extend/context.js",
    "start": 1625680740308,
    "end": 1625680740309,
    "duration": 1,
    "pid": 2624,
    "index": 48
  },
  {
    "name": "Require(41) app/extend/context.js",
    "start": 1625680740309,
    "end": 1625680740309,
    "duration": 0,
    "pid": 2624,
    "index": 49
  },
  {
    "name": "Load extend/helper.js",
    "start": 1625680740310,
    "end": 1625680740319,
    "duration": 9,
    "pid": 2624,
    "index": 50
  },
  {
    "name": "Require(42) node_modules/egg-security/app/extend/helper.js",
    "start": 1625680740310,
    "end": 1625680740317,
    "duration": 7,
    "pid": 2624,
    "index": 51
  },
  {
    "name": "Require(43) node_modules/egg/app/extend/helper.js",
    "start": 1625680740317,
    "end": 1625680740318,
    "duration": 1,
    "pid": 2624,
    "index": 52
  },
  {
    "name": "Require(44) app/extend/helper.js",
    "start": 1625680740318,
    "end": 1625680740318,
    "duration": 0,
    "pid": 2624,
    "index": 53
  },
  {
    "name": "Load app.js",
    "start": 1625680740319,
    "end": 1625680740633,
    "duration": 314,
    "pid": 2624,
    "index": 54
  },
  {
    "name": "Require(45) node_modules/egg-session/app.js",
    "start": 1625680740319,
    "end": 1625680740319,
    "duration": 0,
    "pid": 2624,
    "index": 55
  },
  {
    "name": "Require(46) node_modules/egg-security/app.js",
    "start": 1625680740320,
    "end": 1625680740320,
    "duration": 0,
    "pid": 2624,
    "index": 56
  },
  {
    "name": "Require(47) node_modules/egg-onerror/app.js",
    "start": 1625680740320,
    "end": 1625680740323,
    "duration": 3,
    "pid": 2624,
    "index": 57
  },
  {
    "name": "Require(48) node_modules/egg-i18n/app.js",
    "start": 1625680740323,
    "end": 1625680740329,
    "duration": 6,
    "pid": 2624,
    "index": 58
  },
  {
    "name": "Require(49) node_modules/egg-watcher/app.js",
    "start": 1625680740329,
    "end": 1625680740330,
    "duration": 1,
    "pid": 2624,
    "index": 59
  },
  {
    "name": "Require(50) node_modules/egg-schedule/app.js",
    "start": 1625680740330,
    "end": 1625680740331,
    "duration": 1,
    "pid": 2624,
    "index": 60
  },
  {
    "name": "Require(51) node_modules/egg-multipart/app.js",
    "start": 1625680740331,
    "end": 1625680740331,
    "duration": 0,
    "pid": 2624,
    "index": 61
  },
  {
    "name": "Require(52) node_modules/egg-logrotator/app.js",
    "start": 1625680740332,
    "end": 1625680740332,
    "duration": 0,
    "pid": 2624,
    "index": 62
  },
  {
    "name": "Require(53) node_modules/egg-static/app.js",
    "start": 1625680740332,
    "end": 1625680740332,
    "duration": 0,
    "pid": 2624,
    "index": 63
  },
  {
    "name": "Require(54) node_modules/egg-cors/app.js",
    "start": 1625680740332,
    "end": 1625680740332,
    "duration": 0,
    "pid": 2624,
    "index": 64
  },
  {
    "name": "Require(55) node_modules/egg-sequelize/app.js",
    "start": 1625680740332,
    "end": 1625680740332,
    "duration": 0,
    "pid": 2624,
    "index": 65
  },
  {
    "name": "Require(56) node_modules/egg-view-nunjucks/app.js",
    "start": 1625680740332,
    "end": 1625680740333,
    "duration": 1,
    "pid": 2624,
    "index": 66
  },
  {
    "name": "Require(57) node_modules/egg-valparams/app.js",
    "start": 1625680740333,
    "end": 1625680740484,
    "duration": 151,
    "pid": 2624,
    "index": 67
  },
  {
    "name": "Require(58) node_modules/egg-jwt/app.js",
    "start": 1625680740484,
    "end": 1625680740484,
    "duration": 0,
    "pid": 2624,
    "index": 68
  },
  {
    "name": "Require(59) node_modules/egg-redis/app.js",
    "start": 1625680740484,
    "end": 1625680740485,
    "duration": 1,
    "pid": 2624,
    "index": 69
  },
  {
    "name": "Require(60) node_modules/egg-tenpay/app.js",
    "start": 1625680740485,
    "end": 1625680740520,
    "duration": 35,
    "pid": 2624,
    "index": 70
  },
  {
    "name": "Require(61) node_modules/egg-socket.io/app.js",
    "start": 1625680740520,
    "end": 1625680740547,
    "duration": 27,
    "pid": 2624,
    "index": 71
  },
  {
    "name": "Require(62) app.js",
    "start": 1625680740548,
    "end": 1625680740633,
    "duration": 85,
    "pid": 2624,
    "index": 72
  },
  {
    "name": "Before Start in node_modules/egg-watcher/lib/init.js:15:14",
    "start": 1625680740641,
    "end": 1625680740935,
    "duration": 294,
    "pid": 2624,
    "index": 73
  },
  {
    "name": "Load \"Symbol(model)\" to Application",
    "start": 1625680740709,
    "end": 1625680740757,
    "duration": 48,
    "pid": 2624,
    "index": 74
  },
  {
    "name": "Before Start in node_modules/egg-sequelize/lib/loader.js:39:7",
    "start": 1625680740765,
    "end": 1625680740966,
    "duration": 201,
    "pid": 2624,
    "index": 75
  },
  {
    "name": "Before Start in node_modules/egg-redis/lib/redis.js:53:7",
    "start": 1625680740797,
    "end": 1625680740933,
    "duration": 136,
    "pid": 2624,
    "index": 76
  },
  {
    "name": "Load Controller",
    "start": 1625680740803,
    "end": 1625680740865,
    "duration": 62,
    "pid": 2624,
    "index": 77
  },
  {
    "name": "Load \"controller\" to Application",
    "start": 1625680740803,
    "end": 1625680740865,
    "duration": 62,
    "pid": 2624,
    "index": 78
  },
  {
    "name": "Before Start in node_modules/egg-socket.io/lib/io.js:26:7",
    "start": 1625680740809,
    "end": 1625680740913,
    "duration": 104,
    "pid": 2624,
    "index": 79
  },
  {
    "name": "Did Load in node_modules/egg-tenpay/app.js:didLoad",
    "start": 1625680740811,
    "end": 1625680740913,
    "duration": 102,
    "pid": 2624,
    "index": 80
  },
  {
    "name": "Did Load in app.js:didLoad",
    "start": 1625680740811,
    "end": 1625680740913,
    "duration": 102,
    "pid": 2624,
    "index": 81
  },
  {
    "name": "Load Service",
    "start": 1625680740811,
    "end": 1625680740816,
    "duration": 5,
    "pid": 2624,
    "index": 82
  },
  {
    "name": "Load \"service\" to Context",
    "start": 1625680740811,
    "end": 1625680740816,
    "duration": 5,
    "pid": 2624,
    "index": 83
  },
  {
    "name": "Load Middleware",
    "start": 1625680740816,
    "end": 1625680740865,
    "duration": 49,
    "pid": 2624,
    "index": 84
  },
  {
    "name": "Load \"middlewares\" to Application",
    "start": 1625680740816,
    "end": 1625680740857,
    "duration": 41,
    "pid": 2624,
    "index": 85
  },
  {
    "name": "Load Controller",
    "start": 1625680740865,
    "end": 1625680740873,
    "duration": 8,
    "pid": 2624,
    "index": 86
  },
  {
    "name": "Load \"controller\" to Application",
    "start": 1625680740865,
    "end": 1625680740873,
    "duration": 8,
    "pid": 2624,
    "index": 87
  },
  {
    "name": "Load Router",
    "start": 1625680740873,
    "end": 1625680740875,
    "duration": 2,
    "pid": 2624,
    "index": 88
  },
  {
    "name": "Require(63) app/router.js",
    "start": 1625680740873,
    "end": 1625680740873,
    "duration": 0,
    "pid": 2624,
    "index": 89
  },
  {
    "name": "Before Start in node_modules/egg-core/lib/egg.js:303:10",
    "start": 1625680740874,
    "end": 1625680740913,
    "duration": 39,
    "pid": 2624,
    "index": 90
  },
  {
    "name": "Will Ready in app.js:willReady",
    "start": 1625680740966,
    "end": 1625680740966,
    "duration": 0,
    "pid": 2624,
    "index": 91
  }
]