[
  {
    "name": "Process Start",
    "start": 1625680234837,
    "end": 1625680235790,
    "duration": 953,
    "pid": 2022,
    "index": 0
  },
  {
    "name": "Application Start",
    "start": 1625680235791,
    "end": 1625680236996,
    "duration": 1205,
    "pid": 2022,
    "index": 1
  },
  {
    "name": "Load Plugin",
    "start": 1625680235793,
    "end": 1625680235814,
    "duration": 21,
    "pid": 2022,
    "index": 2
  },
  {
    "name": "Load Config",
    "start": 1625680235814,
    "end": 1625680235845,
    "duration": 31,
    "pid": 2022,
    "index": 3
  },
  {
    "name": "Require(0) config/config.default.js",
    "start": 1625680235815,
    "end": 1625680235815,
    "duration": 0,
    "pid": 2022,
    "index": 4
  },
  {
    "name": "Require(1) node_modules/egg-session/config/config.default.js",
    "start": 1625680235817,
    "end": 1625680235818,
    "duration": 1,
    "pid": 2022,
    "index": 5
  },
  {
    "name": "Require(2) node_modules/egg-security/config/config.default.js",
    "start": 1625680235818,
    "end": 1625680235819,
    "duration": 1,
    "pid": 2022,
    "index": 6
  },
  {
    "name": "Require(3) node_modules/egg-jsonp/config/config.default.js",
    "start": 1625680235819,
    "end": 1625680235820,
    "duration": 1,
    "pid": 2022,
    "index": 7
  },
  {
    "name": "Require(4) node_modules/egg-onerror/config/config.default.js",
    "start": 1625680235820,
    "end": 1625680235820,
    "duration": 0,
    "pid": 2022,
    "index": 8
  },
  {
    "name": "Require(5) node_modules/egg-i18n/config/config.default.js",
    "start": 1625680235820,
    "end": 1625680235821,
    "duration": 1,
    "pid": 2022,
    "index": 9
  },
  {
    "name": "Require(6) node_modules/egg-watcher/config/config.default.js",
    "start": 1625680235821,
    "end": 1625680235821,
    "duration": 0,
    "pid": 2022,
    "index": 10
  },
  {
    "name": "Require(7) node_modules/egg-schedule/config/config.default.js",
    "start": 1625680235822,
    "end": 1625680235822,
    "duration": 0,
    "pid": 2022,
    "index": 11
  },
  {
    "name": "Require(8) node_modules/egg-multipart/config/config.default.js",
    "start": 1625680235822,
    "end": 1625680235822,
    "duration": 0,
    "pid": 2022,
    "index": 12
  },
  {
    "name": "Require(9) node_modules/egg-development/config/config.default.js",
    "start": 1625680235823,
    "end": 1625680235823,
    "duration": 0,
    "pid": 2022,
    "index": 13
  },
  {
    "name": "Require(10) node_modules/egg-logrotator/config/config.default.js",
    "start": 1625680235823,
    "end": 1625680235824,
    "duration": 1,
    "pid": 2022,
    "index": 14
  },
  {
    "name": "Require(11) node_modules/egg-static/config/config.default.js",
    "start": 1625680235824,
    "end": 1625680235824,
    "duration": 0,
    "pid": 2022,
    "index": 15
  },
  {
    "name": "Require(12) node_modules/egg-view/config/config.default.js",
    "start": 1625680235825,
    "end": 1625680235825,
    "duration": 0,
    "pid": 2022,
    "index": 16
  },
  {
    "name": "Require(13) node_modules/egg-cors/config/config.default.js",
    "start": 1625680235825,
    "end": 1625680235825,
    "duration": 0,
    "pid": 2022,
    "index": 17
  },
  {
    "name": "Require(14) node_modules/egg-sequelize/config/config.default.js",
    "start": 1625680235825,
    "end": 1625680235826,
    "duration": 1,
    "pid": 2022,
    "index": 18
  },
  {
    "name": "Require(15) node_modules/egg-view-nunjucks/config/config.default.js",
    "start": 1625680235826,
    "end": 1625680235826,
    "duration": 0,
    "pid": 2022,
    "index": 19
  },
  {
    "name": "Require(16) node_modules/egg-valparams/config/config.default.js",
    "start": 1625680235837,
    "end": 1625680235837,
    "duration": 0,
    "pid": 2022,
    "index": 20
  },
  {
    "name": "Require(17) node_modules/egg-jwt/config/config.default.js",
    "start": 1625680235838,
    "end": 1625680235838,
    "duration": 0,
    "pid": 2022,
    "index": 21
  },
  {
    "name": "Require(18) node_modules/egg-redis/config/config.default.js",
    "start": 1625680235838,
    "end": 1625680235838,
    "duration": 0,
    "pid": 2022,
    "index": 22
  },
  {
    "name": "Require(19) node_modules/egg-tenpay/config/config.default.js",
    "start": 1625680235838,
    "end": 1625680235839,
    "duration": 1,
    "pid": 2022,
    "index": 23
  },
  {
    "name": "Require(20) node_modules/egg-socket.io/config/config.default.js",
    "start": 1625680235839,
    "end": 1625680235839,
    "duration": 0,
    "pid": 2022,
    "index": 24
  },
  {
    "name": "Require(21) node_modules/egg/config/config.default.js",
    "start": 1625680235839,
    "end": 1625680235840,
    "duration": 1,
    "pid": 2022,
    "index": 25
  },
  {
    "name": "Require(22) config/config.default.js",
    "start": 1625680235842,
    "end": 1625680235842,
    "duration": 0,
    "pid": 2022,
    "index": 26
  },
  {
    "name": "Require(23) node_modules/egg-security/config/config.local.js",
    "start": 1625680235842,
    "end": 1625680235843,
    "duration": 1,
    "pid": 2022,
    "index": 27
  },
  {
    "name": "Require(24) node_modules/egg-watcher/config/config.local.js",
    "start": 1625680235843,
    "end": 1625680235843,
    "duration": 0,
    "pid": 2022,
    "index": 28
  },
  {
    "name": "Require(25) node_modules/egg-view/config/config.local.js",
    "start": 1625680235843,
    "end": 1625680235844,
    "duration": 1,
    "pid": 2022,
    "index": 29
  },
  {
    "name": "Require(26) node_modules/egg-view-nunjucks/config/config.local.js",
    "start": 1625680235844,
    "end": 1625680235844,
    "duration": 0,
    "pid": 2022,
    "index": 30
  },
  {
    "name": "Require(27) node_modules/egg/config/config.local.js",
    "start": 1625680235845,
    "end": 1625680235845,
    "duration": 0,
    "pid": 2022,
    "index": 31
  },
  {
    "name": "Load extend/application.js",
    "start": 1625680235846,
    "end": 1625680235916,
    "duration": 70,
    "pid": 2022,
    "index": 32
  },
  {
    "name": "Require(28) node_modules/egg-session/app/extend/application.js",
    "start": 1625680235847,
    "end": 1625680235847,
    "duration": 0,
    "pid": 2022,
    "index": 33
  },
  {
    "name": "Require(29) node_modules/egg-security/app/extend/application.js",
    "start": 1625680235847,
    "end": 1625680235848,
    "duration": 1,
    "pid": 2022,
    "index": 34
  },
  {
    "name": "Require(30) node_modules/egg-jsonp/app/extend/application.js",
    "start": 1625680235848,
    "end": 1625680235848,
    "duration": 0,
    "pid": 2022,
    "index": 35
  },
  {
    "name": "Require(31) node_modules/egg-logrotator/app/extend/application.js",
    "start": 1625680235849,
    "end": 1625680235850,
    "duration": 1,
    "pid": 2022,
    "index": 36
  },
  {
    "name": "Require(32) node_modules/egg-view/app/extend/application.js",
    "start": 1625680235850,
    "end": 1625680235850,
    "duration": 0,
    "pid": 2022,
    "index": 37
  },
  {
    "name": "Require(33) node_modules/egg-view-nunjucks/app/extend/application.js",
    "start": 1625680235851,
    "end": 1625680235871,
    "duration": 20,
    "pid": 2022,
    "index": 38
  },
  {
    "name": "Require(34) node_modules/egg-jwt/app/extend/application.js",
    "start": 1625680235871,
    "end": 1625680235897,
    "duration": 26,
    "pid": 2022,
    "index": 39
  },
  {
    "name": "Require(35) node_modules/egg-socket.io/app/extend/application.js",
    "start": 1625680235897,
    "end": 1625680235915,
    "duration": 18,
    "pid": 2022,
    "index": 40
  },
  {
    "name": "Require(36) app/extend/application.js",
    "start": 1625680235915,
    "end": 1625680235915,
    "duration": 0,
    "pid": 2022,
    "index": 41
  },
  {
    "name": "Load extend/request.js",
    "start": 1625680235916,
    "end": 1625680235919,
    "duration": 3,
    "pid": 2022,
    "index": 42
  },
  {
    "name": "Require(37) node_modules/egg/app/extend/request.js",
    "start": 1625680235917,
    "end": 1625680235918,
    "duration": 1,
    "pid": 2022,
    "index": 43
  },
  {
    "name": "Load extend/response.js",
    "start": 1625680235919,
    "end": 1625680235921,
    "duration": 2,
    "pid": 2022,
    "index": 44
  },
  {
    "name": "Require(38) node_modules/egg/app/extend/response.js",
    "start": 1625680235920,
    "end": 1625680235920,
    "duration": 0,
    "pid": 2022,
    "index": 45
  },
  {
    "name": "Load extend/context.js",
    "start": 1625680235921,
    "end": 1625680236011,
    "duration": 90,
    "pid": 2022,
    "index": 46
  },
  {
    "name": "Require(39) node_modules/egg-security/app/extend/context.js",
    "start": 1625680235922,
    "end": 1625680235926,
    "duration": 4,
    "pid": 2022,
    "index": 47
  },
  {
    "name": "Require(40) node_modules/egg-jsonp/app/extend/context.js",
    "start": 1625680235926,
    "end": 1625680235927,
    "duration": 1,
    "pid": 2022,
    "index": 48
  },
  {
    "name": "Require(41) node_modules/egg-i18n/app/extend/context.js",
    "start": 1625680235927,
    "end": 1625680235927,
    "duration": 0,
    "pid": 2022,
    "index": 49
  },
  {
    "name": "Require(42) node_modules/egg-multipart/app/extend/context.js",
    "start": 1625680235927,
    "end": 1625680235968,
    "duration": 41,
    "pid": 2022,
    "index": 50
  },
  {
    "name": "Require(43) node_modules/egg-view/app/extend/context.js",
    "start": 1625680235969,
    "end": 1625680235969,
    "duration": 0,
    "pid": 2022,
    "index": 51
  },
  {
    "name": "Require(44) node_modules/egg-valparams/app/extend/context.js",
    "start": 1625680235970,
    "end": 1625680236007,
    "duration": 37,
    "pid": 2022,
    "index": 52
  },
  {
    "name": "Require(45) node_modules/egg/app/extend/context.js",
    "start": 1625680236007,
    "end": 1625680236008,
    "duration": 1,
    "pid": 2022,
    "index": 53
  },
  {
    "name": "Require(46) app/extend/context.js",
    "start": 1625680236009,
    "end": 1625680236009,
    "duration": 0,
    "pid": 2022,
    "index": 54
  },
  {
    "name": "Load extend/helper.js",
    "start": 1625680236011,
    "end": 1625680236091,
    "duration": 80,
    "pid": 2022,
    "index": 55
  },
  {
    "name": "Require(47) node_modules/egg-security/app/extend/helper.js",
    "start": 1625680236011,
    "end": 1625680236065,
    "duration": 54,
    "pid": 2022,
    "index": 56
  },
  {
    "name": "Require(48) node_modules/egg/app/extend/helper.js",
    "start": 1625680236066,
    "end": 1625680236066,
    "duration": 0,
    "pid": 2022,
    "index": 57
  },
  {
    "name": "Require(49) app/extend/helper.js",
    "start": 1625680236067,
    "end": 1625680236067,
    "duration": 0,
    "pid": 2022,
    "index": 58
  },
  {
    "name": "Load app.js",
    "start": 1625680236091,
    "end": 1625680236494,
    "duration": 403,
    "pid": 2022,
    "index": 59
  },
  {
    "name": "Require(50) node_modules/egg-session/app.js",
    "start": 1625680236091,
    "end": 1625680236091,
    "duration": 0,
    "pid": 2022,
    "index": 60
  },
  {
    "name": "Require(51) node_modules/egg-security/app.js",
    "start": 1625680236092,
    "end": 1625680236092,
    "duration": 0,
    "pid": 2022,
    "index": 61
  },
  {
    "name": "Require(52) node_modules/egg-onerror/app.js",
    "start": 1625680236093,
    "end": 1625680236097,
    "duration": 4,
    "pid": 2022,
    "index": 62
  },
  {
    "name": "Require(53) node_modules/egg-i18n/app.js",
    "start": 1625680236097,
    "end": 1625680236105,
    "duration": 8,
    "pid": 2022,
    "index": 63
  },
  {
    "name": "Require(54) node_modules/egg-watcher/app.js",
    "start": 1625680236106,
    "end": 1625680236107,
    "duration": 1,
    "pid": 2022,
    "index": 64
  },
  {
    "name": "Require(55) node_modules/egg-schedule/app.js",
    "start": 1625680236107,
    "end": 1625680236108,
    "duration": 1,
    "pid": 2022,
    "index": 65
  },
  {
    "name": "Require(56) node_modules/egg-multipart/app.js",
    "start": 1625680236108,
    "end": 1625680236109,
    "duration": 1,
    "pid": 2022,
    "index": 66
  },
  {
    "name": "Require(57) node_modules/egg-development/app.js",
    "start": 1625680236109,
    "end": 1625680236109,
    "duration": 0,
    "pid": 2022,
    "index": 67
  },
  {
    "name": "Require(58) node_modules/egg-logrotator/app.js",
    "start": 1625680236109,
    "end": 1625680236109,
    "duration": 0,
    "pid": 2022,
    "index": 68
  },
  {
    "name": "Require(59) node_modules/egg-static/app.js",
    "start": 1625680236109,
    "end": 1625680236109,
    "duration": 0,
    "pid": 2022,
    "index": 69
  },
  {
    "name": "Require(60) node_modules/egg-cors/app.js",
    "start": 1625680236110,
    "end": 1625680236110,
    "duration": 0,
    "pid": 2022,
    "index": 70
  },
  {
    "name": "Require(61) node_modules/egg-sequelize/app.js",
    "start": 1625680236110,
    "end": 1625680236110,
    "duration": 0,
    "pid": 2022,
    "index": 71
  },
  {
    "name": "Require(62) node_modules/egg-view-nunjucks/app.js",
    "start": 1625680236110,
    "end": 1625680236110,
    "duration": 0,
    "pid": 2022,
    "index": 72
  },
  {
    "name": "Require(63) node_modules/egg-valparams/app.js",
    "start": 1625680236110,
    "end": 1625680236323,
    "duration": 213,
    "pid": 2022,
    "index": 73
  },
  {
    "name": "Require(64) node_modules/egg-jwt/app.js",
    "start": 1625680236324,
    "end": 1625680236324,
    "duration": 0,
    "pid": 2022,
    "index": 74
  },
  {
    "name": "Require(65) node_modules/egg-redis/app.js",
    "start": 1625680236324,
    "end": 1625680236324,
    "duration": 0,
    "pid": 2022,
    "index": 75
  },
  {
    "name": "Require(66) node_modules/egg-tenpay/app.js",
    "start": 1625680236325,
    "end": 1625680236348,
    "duration": 23,
    "pid": 2022,
    "index": 76
  },
  {
    "name": "Require(67) node_modules/egg-socket.io/app.js",
    "start": 1625680236348,
    "end": 1625680236393,
    "duration": 45,
    "pid": 2022,
    "index": 77
  },
  {
    "name": "Require(68) app.js",
    "start": 1625680236393,
    "end": 1625680236494,
    "duration": 101,
    "pid": 2022,
    "index": 78
  },
  {
    "name": "Before Start in node_modules/egg-watcher/lib/init.js:15:14",
    "start": 1625680236505,
    "end": 1625680236961,
    "duration": 456,
    "pid": 2022,
    "index": 79
  },
  {
    "name": "Load \"Symbol(model)\" to Application",
    "start": 1625680236607,
    "end": 1625680236628,
    "duration": 21,
    "pid": 2022,
    "index": 80
  },
  {
    "name": "Before Start in node_modules/egg-sequelize/lib/loader.js:39:7",
    "start": 1625680236635,
    "end": 1625680236995,
    "duration": 360,
    "pid": 2022,
    "index": 81
  },
  {
    "name": "Before Start in node_modules/egg-redis/lib/redis.js:53:7",
    "start": 1625680236676,
    "end": 1625680236936,
    "duration": 260,
    "pid": 2022,
    "index": 82
  },
  {
    "name": "Load Controller",
    "start": 1625680236685,
    "end": 1625680236777,
    "duration": 92,
    "pid": 2022,
    "index": 83
  },
  {
    "name": "Load \"controller\" to Application",
    "start": 1625680236685,
    "end": 1625680236777,
    "duration": 92,
    "pid": 2022,
    "index": 84
  },
  {
    "name": "Before Start in node_modules/egg-socket.io/lib/io.js:26:7",
    "start": 1625680236693,
    "end": 1625680236848,
    "duration": 155,
    "pid": 2022,
    "index": 85
  },
  {
    "name": "Did Load in node_modules/egg-tenpay/app.js:didLoad",
    "start": 1625680236697,
    "end": 1625680236848,
    "duration": 151,
    "pid": 2022,
    "index": 86
  },
  {
    "name": "Did Load in app.js:didLoad",
    "start": 1625680236697,
    "end": 1625680236848,
    "duration": 151,
    "pid": 2022,
    "index": 87
  },
  {
    "name": "Load Service",
    "start": 1625680236697,
    "end": 1625680236704,
    "duration": 7,
    "pid": 2022,
    "index": 88
  },
  {
    "name": "Load \"service\" to Context",
    "start": 1625680236697,
    "end": 1625680236704,
    "duration": 7,
    "pid": 2022,
    "index": 89
  },
  {
    "name": "Load Middleware",
    "start": 1625680236705,
    "end": 1625680236777,
    "duration": 72,
    "pid": 2022,
    "index": 90
  },
  {
    "name": "Load \"middlewares\" to Application",
    "start": 1625680236705,
    "end": 1625680236765,
    "duration": 60,
    "pid": 2022,
    "index": 91
  },
  {
    "name": "Load Controller",
    "start": 1625680236777,
    "end": 1625680236788,
    "duration": 11,
    "pid": 2022,
    "index": 92
  },
  {
    "name": "Load \"controller\" to Application",
    "start": 1625680236777,
    "end": 1625680236788,
    "duration": 11,
    "pid": 2022,
    "index": 93
  },
  {
    "name": "Load Router",
    "start": 1625680236788,
    "end": 1625680236791,
    "duration": 3,
    "pid": 2022,
    "index": 94
  },
  {
    "name": "Require(69) app/router.js",
    "start": 1625680236788,
    "end": 1625680236788,
    "duration": 0,
    "pid": 2022,
    "index": 95
  },
  {
    "name": "Before Start in node_modules/egg-core/lib/egg.js:303:10",
    "start": 1625680236789,
    "end": 1625680236848,
    "duration": 59,
    "pid": 2022,
    "index": 96
  },
  {
    "name": "Will Ready in app.js:willReady",
    "start": 1625680236995,
    "end": 1625680236995,
    "duration": 0,
    "pid": 2022,
    "index": 97
  }
]