[
  {
    "name": "Process Start",
    "start": 1625680540719,
    "end": 1625680541313,
    "duration": 594,
    "pid": 2353,
    "index": 0
  },
  {
    "name": "Application Start",
    "start": 1625680541314,
    "end": 1625680542194,
    "duration": 880,
    "pid": 2353,
    "index": 1
  },
  {
    "name": "Load Plugin",
    "start": 1625680541316,
    "end": 1625680541324,
    "duration": 8,
    "pid": 2353,
    "index": 2
  },
  {
    "name": "Load Config",
    "start": 1625680541324,
    "end": 1625680541353,
    "duration": 29,
    "pid": 2353,
    "index": 3
  },
  {
    "name": "Require(0) config/config.default.js",
    "start": 1625680541324,
    "end": 1625680541325,
    "duration": 1,
    "pid": 2353,
    "index": 4
  },
  {
    "name": "Require(1) node_modules/egg-session/config/config.default.js",
    "start": 1625680541326,
    "end": 1625680541327,
    "duration": 1,
    "pid": 2353,
    "index": 5
  },
  {
    "name": "Require(2) node_modules/egg-security/config/config.default.js",
    "start": 1625680541327,
    "end": 1625680541327,
    "duration": 0,
    "pid": 2353,
    "index": 6
  },
  {
    "name": "Require(3) node_modules/egg-jsonp/config/config.default.js",
    "start": 1625680541328,
    "end": 1625680541335,
    "duration": 7,
    "pid": 2353,
    "index": 7
  },
  {
    "name": "Require(4) node_modules/egg-onerror/config/config.default.js",
    "start": 1625680541335,
    "end": 1625680541336,
    "duration": 1,
    "pid": 2353,
    "index": 8
  },
  {
    "name": "Require(5) node_modules/egg-i18n/config/config.default.js",
    "start": 1625680541336,
    "end": 1625680541336,
    "duration": 0,
    "pid": 2353,
    "index": 9
  },
  {
    "name": "Require(6) node_modules/egg-watcher/config/config.default.js",
    "start": 1625680541336,
    "end": 1625680541337,
    "duration": 1,
    "pid": 2353,
    "index": 10
  },
  {
    "name": "Require(7) node_modules/egg-schedule/config/config.default.js",
    "start": 1625680541337,
    "end": 1625680541337,
    "duration": 0,
    "pid": 2353,
    "index": 11
  },
  {
    "name": "Require(8) node_modules/egg-multipart/config/config.default.js",
    "start": 1625680541337,
    "end": 1625680541337,
    "duration": 0,
    "pid": 2353,
    "index": 12
  },
  {
    "name": "Require(9) node_modules/egg-development/config/config.default.js",
    "start": 1625680541338,
    "end": 1625680541338,
    "duration": 0,
    "pid": 2353,
    "index": 13
  },
  {
    "name": "Require(10) node_modules/egg-logrotator/config/config.default.js",
    "start": 1625680541338,
    "end": 1625680541338,
    "duration": 0,
    "pid": 2353,
    "index": 14
  },
  {
    "name": "Require(11) node_modules/egg-static/config/config.default.js",
    "start": 1625680541338,
    "end": 1625680541339,
    "duration": 1,
    "pid": 2353,
    "index": 15
  },
  {
    "name": "Require(12) node_modules/egg-view/config/config.default.js",
    "start": 1625680541339,
    "end": 1625680541339,
    "duration": 0,
    "pid": 2353,
    "index": 16
  },
  {
    "name": "Require(13) node_modules/egg-cors/config/config.default.js",
    "start": 1625680541339,
    "end": 1625680541340,
    "duration": 1,
    "pid": 2353,
    "index": 17
  },
  {
    "name": "Require(14) node_modules/egg-sequelize/config/config.default.js",
    "start": 1625680541340,
    "end": 1625680541340,
    "duration": 0,
    "pid": 2353,
    "index": 18
  },
  {
    "name": "Require(15) node_modules/egg-view-nunjucks/config/config.default.js",
    "start": 1625680541347,
    "end": 1625680541347,
    "duration": 0,
    "pid": 2353,
    "index": 19
  },
  {
    "name": "Require(16) node_modules/egg-valparams/config/config.default.js",
    "start": 1625680541348,
    "end": 1625680541348,
    "duration": 0,
    "pid": 2353,
    "index": 20
  },
  {
    "name": "Require(17) node_modules/egg-jwt/config/config.default.js",
    "start": 1625680541348,
    "end": 1625680541348,
    "duration": 0,
    "pid": 2353,
    "index": 21
  },
  {
    "name": "Require(18) node_modules/egg-redis/config/config.default.js",
    "start": 1625680541348,
    "end": 1625680541349,
    "duration": 1,
    "pid": 2353,
    "index": 22
  },
  {
    "name": "Require(19) node_modules/egg-tenpay/config/config.default.js",
    "start": 1625680541349,
    "end": 1625680541349,
    "duration": 0,
    "pid": 2353,
    "index": 23
  },
  {
    "name": "Require(20) node_modules/egg-socket.io/config/config.default.js",
    "start": 1625680541349,
    "end": 1625680541349,
    "duration": 0,
    "pid": 2353,
    "index": 24
  },
  {
    "name": "Require(21) node_modules/egg/config/config.default.js",
    "start": 1625680541349,
    "end": 1625680541350,
    "duration": 1,
    "pid": 2353,
    "index": 25
  },
  {
    "name": "Require(22) config/config.default.js",
    "start": 1625680541351,
    "end": 1625680541351,
    "duration": 0,
    "pid": 2353,
    "index": 26
  },
  {
    "name": "Require(23) node_modules/egg-security/config/config.local.js",
    "start": 1625680541351,
    "end": 1625680541352,
    "duration": 1,
    "pid": 2353,
    "index": 27
  },
  {
    "name": "Require(24) node_modules/egg-watcher/config/config.local.js",
    "start": 1625680541352,
    "end": 1625680541352,
    "duration": 0,
    "pid": 2353,
    "index": 28
  },
  {
    "name": "Require(25) node_modules/egg-view/config/config.local.js",
    "start": 1625680541352,
    "end": 1625680541352,
    "duration": 0,
    "pid": 2353,
    "index": 29
  },
  {
    "name": "Require(26) node_modules/egg-view-nunjucks/config/config.local.js",
    "start": 1625680541353,
    "end": 1625680541353,
    "duration": 0,
    "pid": 2353,
    "index": 30
  },
  {
    "name": "Require(27) node_modules/egg/config/config.local.js",
    "start": 1625680541353,
    "end": 1625680541353,
    "duration": 0,
    "pid": 2353,
    "index": 31
  },
  {
    "name": "Load extend/application.js",
    "start": 1625680541354,
    "end": 1625680541405,
    "duration": 51,
    "pid": 2353,
    "index": 32
  },
  {
    "name": "Require(28) node_modules/egg-session/app/extend/application.js",
    "start": 1625680541354,
    "end": 1625680541355,
    "duration": 1,
    "pid": 2353,
    "index": 33
  },
  {
    "name": "Require(29) node_modules/egg-security/app/extend/application.js",
    "start": 1625680541355,
    "end": 1625680541355,
    "duration": 0,
    "pid": 2353,
    "index": 34
  },
  {
    "name": "Require(30) node_modules/egg-jsonp/app/extend/application.js",
    "start": 1625680541355,
    "end": 1625680541356,
    "duration": 1,
    "pid": 2353,
    "index": 35
  },
  {
    "name": "Require(31) node_modules/egg-logrotator/app/extend/application.js",
    "start": 1625680541356,
    "end": 1625680541357,
    "duration": 1,
    "pid": 2353,
    "index": 36
  },
  {
    "name": "Require(32) node_modules/egg-view/app/extend/application.js",
    "start": 1625680541357,
    "end": 1625680541357,
    "duration": 0,
    "pid": 2353,
    "index": 37
  },
  {
    "name": "Require(33) node_modules/egg-view-nunjucks/app/extend/application.js",
    "start": 1625680541357,
    "end": 1625680541372,
    "duration": 15,
    "pid": 2353,
    "index": 38
  },
  {
    "name": "Require(34) node_modules/egg-jwt/app/extend/application.js",
    "start": 1625680541372,
    "end": 1625680541391,
    "duration": 19,
    "pid": 2353,
    "index": 39
  },
  {
    "name": "Require(35) node_modules/egg-socket.io/app/extend/application.js",
    "start": 1625680541391,
    "end": 1625680541404,
    "duration": 13,
    "pid": 2353,
    "index": 40
  },
  {
    "name": "Require(36) app/extend/application.js",
    "start": 1625680541404,
    "end": 1625680541404,
    "duration": 0,
    "pid": 2353,
    "index": 41
  },
  {
    "name": "Load extend/request.js",
    "start": 1625680541405,
    "end": 1625680541407,
    "duration": 2,
    "pid": 2353,
    "index": 42
  },
  {
    "name": "Require(37) node_modules/egg/app/extend/request.js",
    "start": 1625680541406,
    "end": 1625680541406,
    "duration": 0,
    "pid": 2353,
    "index": 43
  },
  {
    "name": "Load extend/response.js",
    "start": 1625680541407,
    "end": 1625680541409,
    "duration": 2,
    "pid": 2353,
    "index": 44
  },
  {
    "name": "Require(38) node_modules/egg/app/extend/response.js",
    "start": 1625680541407,
    "end": 1625680541408,
    "duration": 1,
    "pid": 2353,
    "index": 45
  },
  {
    "name": "Load extend/context.js",
    "start": 1625680541409,
    "end": 1625680541468,
    "duration": 59,
    "pid": 2353,
    "index": 46
  },
  {
    "name": "Require(39) node_modules/egg-security/app/extend/context.js",
    "start": 1625680541409,
    "end": 1625680541412,
    "duration": 3,
    "pid": 2353,
    "index": 47
  },
  {
    "name": "Require(40) node_modules/egg-jsonp/app/extend/context.js",
    "start": 1625680541412,
    "end": 1625680541413,
    "duration": 1,
    "pid": 2353,
    "index": 48
  },
  {
    "name": "Require(41) node_modules/egg-i18n/app/extend/context.js",
    "start": 1625680541413,
    "end": 1625680541413,
    "duration": 0,
    "pid": 2353,
    "index": 49
  },
  {
    "name": "Require(42) node_modules/egg-multipart/app/extend/context.js",
    "start": 1625680541413,
    "end": 1625680541439,
    "duration": 26,
    "pid": 2353,
    "index": 50
  },
  {
    "name": "Require(43) node_modules/egg-view/app/extend/context.js",
    "start": 1625680541440,
    "end": 1625680541440,
    "duration": 0,
    "pid": 2353,
    "index": 51
  },
  {
    "name": "Require(44) node_modules/egg-valparams/app/extend/context.js",
    "start": 1625680541440,
    "end": 1625680541465,
    "duration": 25,
    "pid": 2353,
    "index": 52
  },
  {
    "name": "Require(45) node_modules/egg/app/extend/context.js",
    "start": 1625680541465,
    "end": 1625680541466,
    "duration": 1,
    "pid": 2353,
    "index": 53
  },
  {
    "name": "Require(46) app/extend/context.js",
    "start": 1625680541466,
    "end": 1625680541467,
    "duration": 1,
    "pid": 2353,
    "index": 54
  },
  {
    "name": "Load extend/helper.js",
    "start": 1625680541468,
    "end": 1625680541514,
    "duration": 46,
    "pid": 2353,
    "index": 55
  },
  {
    "name": "Require(47) node_modules/egg-security/app/extend/helper.js",
    "start": 1625680541468,
    "end": 1625680541511,
    "duration": 43,
    "pid": 2353,
    "index": 56
  },
  {
    "name": "Require(48) node_modules/egg/app/extend/helper.js",
    "start": 1625680541512,
    "end": 1625680541512,
    "duration": 0,
    "pid": 2353,
    "index": 57
  },
  {
    "name": "Require(49) app/extend/helper.js",
    "start": 1625680541512,
    "end": 1625680541513,
    "duration": 1,
    "pid": 2353,
    "index": 58
  },
  {
    "name": "Load app.js",
    "start": 1625680541514,
    "end": 1625680541811,
    "duration": 297,
    "pid": 2353,
    "index": 59
  },
  {
    "name": "Require(50) node_modules/egg-session/app.js",
    "start": 1625680541514,
    "end": 1625680541514,
    "duration": 0,
    "pid": 2353,
    "index": 60
  },
  {
    "name": "Require(51) node_modules/egg-security/app.js",
    "start": 1625680541514,
    "end": 1625680541515,
    "duration": 1,
    "pid": 2353,
    "index": 61
  },
  {
    "name": "Require(52) node_modules/egg-onerror/app.js",
    "start": 1625680541515,
    "end": 1625680541518,
    "duration": 3,
    "pid": 2353,
    "index": 62
  },
  {
    "name": "Require(53) node_modules/egg-i18n/app.js",
    "start": 1625680541518,
    "end": 1625680541533,
    "duration": 15,
    "pid": 2353,
    "index": 63
  },
  {
    "name": "Require(54) node_modules/egg-watcher/app.js",
    "start": 1625680541533,
    "end": 1625680541534,
    "duration": 1,
    "pid": 2353,
    "index": 64
  },
  {
    "name": "Require(55) node_modules/egg-schedule/app.js",
    "start": 1625680541535,
    "end": 1625680541535,
    "duration": 0,
    "pid": 2353,
    "index": 65
  },
  {
    "name": "Require(56) node_modules/egg-multipart/app.js",
    "start": 1625680541535,
    "end": 1625680541536,
    "duration": 1,
    "pid": 2353,
    "index": 66
  },
  {
    "name": "Require(57) node_modules/egg-development/app.js",
    "start": 1625680541536,
    "end": 1625680541536,
    "duration": 0,
    "pid": 2353,
    "index": 67
  },
  {
    "name": "Require(58) node_modules/egg-logrotator/app.js",
    "start": 1625680541536,
    "end": 1625680541536,
    "duration": 0,
    "pid": 2353,
    "index": 68
  },
  {
    "name": "Require(59) node_modules/egg-static/app.js",
    "start": 1625680541536,
    "end": 1625680541536,
    "duration": 0,
    "pid": 2353,
    "index": 69
  },
  {
    "name": "Require(60) node_modules/egg-cors/app.js",
    "start": 1625680541536,
    "end": 1625680541537,
    "duration": 1,
    "pid": 2353,
    "index": 70
  },
  {
    "name": "Require(61) node_modules/egg-sequelize/app.js",
    "start": 1625680541537,
    "end": 1625680541537,
    "duration": 0,
    "pid": 2353,
    "index": 71
  },
  {
    "name": "Require(62) node_modules/egg-view-nunjucks/app.js",
    "start": 1625680541537,
    "end": 1625680541537,
    "duration": 0,
    "pid": 2353,
    "index": 72
  },
  {
    "name": "Require(63) node_modules/egg-valparams/app.js",
    "start": 1625680541537,
    "end": 1625680541689,
    "duration": 152,
    "pid": 2353,
    "index": 73
  },
  {
    "name": "Require(64) node_modules/egg-jwt/app.js",
    "start": 1625680541689,
    "end": 1625680541689,
    "duration": 0,
    "pid": 2353,
    "index": 74
  },
  {
    "name": "Require(65) node_modules/egg-redis/app.js",
    "start": 1625680541689,
    "end": 1625680541690,
    "duration": 1,
    "pid": 2353,
    "index": 75
  },
  {
    "name": "Require(66) node_modules/egg-tenpay/app.js",
    "start": 1625680541690,
    "end": 1625680541707,
    "duration": 17,
    "pid": 2353,
    "index": 76
  },
  {
    "name": "Require(67) node_modules/egg-socket.io/app.js",
    "start": 1625680541707,
    "end": 1625680541738,
    "duration": 31,
    "pid": 2353,
    "index": 77
  },
  {
    "name": "Require(68) app.js",
    "start": 1625680541739,
    "end": 1625680541811,
    "duration": 72,
    "pid": 2353,
    "index": 78
  },
  {
    "name": "Before Start in node_modules/egg-watcher/lib/init.js:15:14",
    "start": 1625680541819,
    "end": 1625680542175,
    "duration": 356,
    "pid": 2353,
    "index": 79
  },
  {
    "name": "Load \"Symbol(model)\" to Application",
    "start": 1625680541892,
    "end": 1625680541910,
    "duration": 18,
    "pid": 2353,
    "index": 80
  },
  {
    "name": "Before Start in node_modules/egg-sequelize/lib/loader.js:39:7",
    "start": 1625680541914,
    "end": 1625680542193,
    "duration": 279,
    "pid": 2353,
    "index": 81
  },
  {
    "name": "Before Start in node_modules/egg-redis/lib/redis.js:53:7",
    "start": 1625680541944,
    "end": 1625680542151,
    "duration": 207,
    "pid": 2353,
    "index": 82
  },
  {
    "name": "Load Controller",
    "start": 1625680541951,
    "end": 1625680542021,
    "duration": 70,
    "pid": 2353,
    "index": 83
  },
  {
    "name": "Load \"controller\" to Application",
    "start": 1625680541952,
    "end": 1625680542021,
    "duration": 69,
    "pid": 2353,
    "index": 84
  },
  {
    "name": "Before Start in node_modules/egg-socket.io/lib/io.js:26:7",
    "start": 1625680541956,
    "end": 1625680542072,
    "duration": 116,
    "pid": 2353,
    "index": 85
  },
  {
    "name": "Did Load in node_modules/egg-tenpay/app.js:didLoad",
    "start": 1625680541959,
    "end": 1625680542072,
    "duration": 113,
    "pid": 2353,
    "index": 86
  },
  {
    "name": "Did Load in app.js:didLoad",
    "start": 1625680541959,
    "end": 1625680542072,
    "duration": 113,
    "pid": 2353,
    "index": 87
  },
  {
    "name": "Load Service",
    "start": 1625680541959,
    "end": 1625680541964,
    "duration": 5,
    "pid": 2353,
    "index": 88
  },
  {
    "name": "Load \"service\" to Context",
    "start": 1625680541960,
    "end": 1625680541964,
    "duration": 4,
    "pid": 2353,
    "index": 89
  },
  {
    "name": "Load Middleware",
    "start": 1625680541965,
    "end": 1625680542021,
    "duration": 56,
    "pid": 2353,
    "index": 90
  },
  {
    "name": "Load \"middlewares\" to Application",
    "start": 1625680541965,
    "end": 1625680542013,
    "duration": 48,
    "pid": 2353,
    "index": 91
  },
  {
    "name": "Load Controller",
    "start": 1625680542021,
    "end": 1625680542029,
    "duration": 8,
    "pid": 2353,
    "index": 92
  },
  {
    "name": "Load \"controller\" to Application",
    "start": 1625680542021,
    "end": 1625680542029,
    "duration": 8,
    "pid": 2353,
    "index": 93
  },
  {
    "name": "Load Router",
    "start": 1625680542029,
    "end": 1625680542032,
    "duration": 3,
    "pid": 2353,
    "index": 94
  },
  {
    "name": "Require(69) app/router.js",
    "start": 1625680542029,
    "end": 1625680542030,
    "duration": 1,
    "pid": 2353,
    "index": 95
  },
  {
    "name": "Before Start in node_modules/egg-core/lib/egg.js:303:10",
    "start": 1625680542030,
    "end": 1625680542072,
    "duration": 42,
    "pid": 2353,
    "index": 96
  },
  {
    "name": "Will Ready in app.js:willReady",
    "start": 1625680542194,
    "end": 1625680542194,
    "duration": 0,
    "pid": 2353,
    "index": 97
  }
]